step,epsilon,episodes,avg_ext_20ep,avg_intr_20ep,avg_state_intr_20ep,avg_temporal_intr_20ep,current_ep_ext,current_ep_intr,current_ep_state_intr,current_ep_temporal_intr,replay_size
1000,0.99905,0,0.0,0.0,0.0,0.0,0.0,167.21075350434344,156.16037555235968,11.050377951983927,1000
2000,0.9981,0,0.0,0.0,0.0,0.0,0.0,259.1274531453184,248.0770751933345,11.050377951983927,2000
3000,0.99715,1,0.0,262.69994978851736,251.64957183653343,11.050377951983927,0.0,92.93488062413815,92.93488062413815,0.0,3000
4000,0.9962,1,0.0,262.69994978851736,251.64957183653343,11.050377951983927,0.0,161.38305441764584,161.38305441764584,0.0,4000
5000,0.99525,2,0.0,214.86897375971978,209.3437847837278,5.525188975991964,0.0,53.594172593952614,53.594172593952614,0.0,5000
6000,0.9943,2,0.0,214.86897375971978,209.3437847837278,5.525188975991964,0.0,106.79429284304851,106.79429284304851,0.0,6000
7000,0.99335,3,0.0,181.16882880007276,177.48536948274477,3.683459317327976,0.0,48.79174946082026,48.79174946082026,0.0,7000
8000,0.9924,3,0.0,181.16882880007276,177.48536948274477,3.683459317327976,0.0,96.94948847407971,96.93683600454878,0.012652469530960433,8000
9000,0.99145,4,0.0,162.18993943904135,159.42211697213276,2.7678224669086076,0.0,53.142488318068324,52.899737088428026,0.24275122964028806,9000
10000,0.9905,4,0.0,162.18993943904135,159.42211697213276,2.7678224669086076,0.0,101.50715304759552,100.97716875495881,0.5299842926366493,10000
11000,0.98955,5,0.0,152.34055025893332,150.00669650295836,2.333853755974979,0.0,33.2300305780177,33.066045533420606,0.1639850445970848,11000
12000,0.9886,5,0.0,152.34055025893332,150.00669650295836,2.333853755974979,0.0,75.14999152596499,74.40606959077014,0.7439219351948121,12000
13000,0.98765,6,0.0,141.2310226344388,139.116652177628,2.1143704568107844,0.0,48.62855656046686,48.0599912742198,0.5685652862470331,13000
14000,0.9867,6,0.0,141.2310226344388,139.116652177628,2.1143704568107844,0.0,93.7565553267803,92.17386607462801,1.5826892521522753,14000
15000,0.98575,7,0.0,136.22840959967127,134.16420000022705,2.0642095994442,0.0,26.40428433853965,26.102954774723077,0.30132956381657694,15000
16000,0.9848,7,0.0,136.22840959967127,134.16420000022705,2.0642095994442,0.0,63.566259170180196,62.99958837905659,0.5666707911235834,16000
17000,0.98385,8,0.0,128.8382999973487,126.95833862404152,1.8799613733071754,0.0,24.03950151872637,23.862862081747014,0.17663943697935575,17000
18000,0.9829,8,0.0,128.8382999973487,126.95833862404152,1.8799613733071754,0.0,59.16586400641488,58.86634489379456,0.29951911262029096,18000
19000,0.98195,9,0.0,122.63154769256246,120.91789684605838,1.7136508465040474,0.0,24.143994532314355,24.114832506994688,0.029162025319668515,19000
20000,0.981,9,0.0,122.63154769256246,120.91789684605838,1.7136508465040474,0.0,59.19598535862143,59.14221719824763,0.053768160373813115,20000
21000,0.98005,10,0.0,117.75396914940475,116.20423754994447,1.549731599460253,0.0,17.63985780548663,17.63586188803259,0.003995917454043594,21000
22000,0.9791,10,0.0,117.75396914940475,116.20423754994447,1.549731599460253,0.0,48.75282598986996,48.72953337255027,0.023292617319690925,22000
23000,0.97815,11,0.0,112.91782447542981,111.5067500860082,1.411074389421566,0.0,15.333905754217154,15.315024013688957,0.018881740528198115,23000
24000,0.9772,11,0.0,112.91782447542981,111.5067500860082,1.411074389421566,0.0,43.70274174828647,43.68386000775827,0.018881740528198115,24000
25000,0.97625,12,0.0,108.4949690171125,107.19968694083035,1.295282076282095,0.0,18.575386400549732,18.56659559001056,0.008790810539170999,25000
26000,0.9753000000000001,12,0.0,108.4949690171125,107.19968694083035,1.295282076282095,0.0,50.399932937275885,50.384946646304606,0.014986290971282984,26000
27000,0.97435,13,0.0,105.39001054696615,104.19236621605788,1.1976443309082185,0.0,13.479828034631083,13.479828034631083,0.0,27000
28000,0.9734,13,0.0,105.39001054696615,104.19236621605788,1.1976443309082185,0.0,41.960025657348986,41.94725709057029,0.012768566778699964,28000
29000,0.97245,14,0.0,102.0569273455329,100.94281901874261,1.11410832679023,0.0,13.695271489097653,13.688823446128707,0.006448042968947626,29000
30000,0.9715,14,0.0,102.0569273455329,100.94281901874261,1.11410832679023,0.0,47.23725569223252,47.21761099500302,0.01964469722950168,30000
31000,0.97055,15,0.0,99.83982281786868,98.79754115960756,1.0422816582610637,0.0,9.948728199360602,9.920126438745804,0.028601760614799285,31000
32000,0.9696,15,0.0,99.83982281786868,98.79754115960756,1.0422816582610637,0.0,39.40631585305103,39.24417761762389,0.16213823542715014,32000
33000,0.96865,16,0.0,97.31874498869345,96.32600185965208,0.9927431290413706,0.0,12.028694693013335,12.021704379258265,0.006990313755070894,33000
34000,0.9677,16,0.0,97.31874498869345,96.32600185965208,0.9927431290413706,0.0,42.013145784017105,41.9784197005489,0.034726083468214965,34000
35000,0.96675,17,0.0,95.32083836279719,94.37893845783225,0.9418999049649306,0.0,6.3290886481475415,6.282307924700291,0.04678072344725019,35000
36000,0.9658,17,0.0,95.32083836279719,94.37893845783225,0.9418999049649306,0.0,31.828786414419707,31.653997798908343,0.17478861551135746,36000
37000,0.96485,18,0.0,93.004058322871,92.09461284321299,0.9094454796580208,0.0,7.251036759729908,7.152985316551437,0.09805144317847142,37000
38000,0.9639,18,0.0,93.004058322871,92.09461284321299,0.9094454796580208,0.0,33.13280160849737,32.766855801631145,0.36594580686621175,38000
39000,0.96295,19,0.0,90.958193463719,90.05927857555325,0.8989148881657506,0.0,6.763518105876334,6.674216415183042,0.08930169069329125,39000
40000,0.962,19,0.0,90.958193463719,90.05927857555325,0.8989148881657506,0.0,35.02280564110836,34.6998957136953,0.3229099274130847,40000
41000,0.96105,20,0.0,89.37554103508731,88.49118571553798,0.8843553195493286,0.0,3.942610126864341,3.8967459868778134,0.045864139986528725,41000
42000,0.9601,20,0.0,89.37554103508731,88.49118571553798,0.8843553195493286,0.0,32.178899573510826,31.75612093404353,0.4227786394672925,42000
43000,0.95915,21,0.0,79.0571353832581,78.69108937582682,0.36604600743128934,0.0,2.2413803154782572,2.2092536225308907,0.03212669294736629,43000
44000,0.9582,21,0.0,79.0571353832581,78.69108937582682,0.36604600743128934,0.0,29.662242820326963,29.146912324208483,0.5153304961184686,44000
45000,0.95725,22,0.0,73.39946839017334,72.9858889535557,0.4135794366176226,0.0,0.5445222060163745,0.5075153171419411,0.03700688887443339,45000
46000,0.9563,22,0.0,73.39946839017334,72.9858889535557,0.4135794366176226,0.0,26.13886247271442,25.792219353813532,0.34664311890089805,46000
47000,0.95535,22,0.0,73.39946839017334,72.9858889535557,0.4135794366176226,0.0,48.98810604375063,48.37970896507798,0.6083970786726536,47000
48000,0.9544,23,0.0,70.19719670416364,69.75129103447462,0.4459056696890353,0.0,21.462374411308826,21.140700631690287,0.321673779618547,48000
49000,0.95345,23,0.0,70.19719670416364,69.75129103447462,0.4459056696890353,0.0,43.84250107238269,43.22494738867253,0.617553683710196,49000
50000,0.9525,24,0.0,67.21134962962317,66.73460769147458,0.47674193814856747,0.0,19.583304357840053,19.30514943150915,0.27815492633090577,50000
51000,0.95155,24,0.0,67.21134962962317,66.73460769147458,0.47674193814856747,0.0,41.23978462337791,40.49156597169466,0.7482186516832598,50000
52000,0.9506,25,0.0,63.76867890969105,63.28413923103604,0.4845396786550177,0.0,26.726090222730267,26.491734967806185,0.2343552549240855,50000
53000,0.94965,25,0.0,63.76867890969105,63.28413923103604,0.4845396786550177,0.0,50.73915469138121,50.173589133880284,0.5655655575009698,50000
54000,0.9487,26,0.0,62.21827157619466,61.74894139721571,0.46933017897896495,0.0,18.96807261929362,18.74618117514079,0.2218914441528437,50000
55000,0.94775,26,0.0,62.21827157619466,61.74894139721571,0.46933017897896495,0.0,41.34256133593379,40.79099038414995,0.5515709517838512,50000
56000,0.9468,27,0.0,59.19473766824315,58.78136229562365,0.41337537261951096,0.0,17.36775861413766,17.07164895233928,0.2961096617983804,50000
57000,0.94585,27,0.0,59.19473766824315,58.78136229562365,0.41337537261951096,0.0,38.05115855587343,37.40036279309239,0.6507957627810351,50000
58000,0.9449,28,0.0,57.498244716259606,57.07317641405481,0.42506830220481673,0.0,16.84345437301851,16.45385624595913,0.38959812705937646,50000
59000,0.94395,28,0.0,57.498244716259606,57.07317641405481,0.42506830220481673,0.0,37.85722141495755,37.02169841055735,0.8355230044001997,50000
60000,0.9430000000000001,29,0.0,56.07075308473942,55.61752806068307,0.4532250240563708,0.0,19.24235592774727,18.484169799360096,0.7581861283871691,50000
61000,0.94205,29,0.0,56.07075308473942,55.61752806068307,0.4532250240563708,0.0,41.0754538828939,39.268655599603434,1.8067982832904603,50000
62000,0.9411,30,0.0,54.81821405115936,54.260033473471104,0.5581805776882722,0.0,16.272901674854314,15.954742954488635,0.3181587203656784,50000
63000,0.94015,30,0.0,54.81821405115936,54.260033473471104,0.5581805776882722,0.0,37.73744033954871,36.830891779321455,0.9065485602272436,50000
64000,0.9392,31,0.0,53.871108320575544,53.25314115980573,0.6179671607698468,0.0,14.837067827352046,14.066492713836713,0.7705751135153377,50000
65000,0.93825,31,0.0,53.871108320575544,53.25314115980573,0.6179671607698468,0.0,35.79976953924679,33.838793115963455,1.9609764232833609,50000
66000,0.9373,32,0.0,53.13397219791218,52.395296677845536,0.7386755200666542,0.0,14.467379315234531,14.032063385131,0.4353159301035312,50000
67000,0.93635,32,0.0,53.13397219791218,52.395296677845536,0.7386755200666542,0.0,36.26800942099955,35.02249832236963,1.2455110986299676,50000
68000,0.9354,33,0.0,52.02016638032607,51.194845871784636,0.8253205085414329,0.0,14.91650062137445,13.999674408505697,0.916826212868749,50000
69000,0.93445,33,0.0,52.02016638032607,51.194845871784636,0.8253205085414329,0.0,39.296380446242416,37.1073940891127,2.1889863571297323,50000
70000,0.9335,34,0.0,51.6659713589907,50.706349375986136,0.9596219830045756,0.0,12.954138771533945,12.14565126106106,0.8084875104728897,50000
71000,0.93255,34,0.0,51.6659713589907,50.706349375986136,0.9596219830045756,0.0,36.207287600995976,34.49041304381285,1.7168745571831505,50000
72000,0.9316,35,0.0,50.629678458418596,49.53469797441612,1.094980484002492,0.0,8.699407179551326,8.259265678854499,0.44014150069682806,50000
73000,0.93065,35,0.0,50.629678458418596,49.53469797441612,1.094980484002492,0.0,29.126810946764977,27.283766890532103,1.8430440562328552,50000
74000,0.9297,36,0.0,49.7276816288051,48.51086119731944,1.2168204314856617,0.0,10.51368055014354,10.09527461335444,0.4184059367890992,50000
75000,0.92875,36,0.0,49.7276816288051,48.51086119731944,1.2168204314856617,0.0,31.491990308250852,30.6412703607504,0.8507199475004585,50000
76000,0.9278,37,0.0,48.784104015527944,47.50906966430972,1.2750343512182243,0.0,8.244442158048916,7.878597187403123,0.3658449706457928,50000
77000,0.92685,37,0.0,48.784104015527944,47.50906966430972,1.2750343512182243,0.0,36.65431320078259,35.6641220325977,0.9901911681848923,50000
78000,0.9259,38,0.0,48.61684480236172,47.27939289844604,1.3374519039156803,0.0,9.047231602537595,8.85731796395441,0.18991363858318536,50000
79000,0.92495,38,0.0,48.61684480236172,47.27939289844604,1.3374519039156803,0.0,33.341159242982776,32.50344543404638,0.8377138089363846,50000
80000,0.924,39,0.0,48.3984613104857,47.0311315908714,1.3673297196143033,0.0,8.090809197373405,7.976351155687252,0.1144580416861522,50000
81000,0.92305,39,0.0,48.3984613104857,47.0311315908714,1.3673297196143033,0.0,27.02717839877714,26.561661386542667,0.4655170122344813,50000
82000,0.9221,40,0.0,47.50249136755882,46.130032273345634,1.3724590942131871,0.0,5.517106353608991,5.3653010416345674,0.1518053119744226,50000
83000,0.92115,40,0.0,47.50249136755882,46.130032273345634,1.3724590942131871,0.0,25.004637865861426,24.535335037590134,0.46930282827129377,50000
84000,0.9202,41,0.0,46.711844700943864,45.333766379726164,1.3780783212177066,0.0,5.154190189330535,4.951012551508221,0.20317763782231238,50000
85000,0.91925,41,0.0,46.711844700943864,45.333766379726164,1.3780783212177066,0.0,26.859661612566587,26.29812977398199,0.5615318385845831,50000
86000,0.9183,42,0.0,46.284784581321155,44.89778692190945,1.386997659411713,0.0,3.536325689427598,3.4719855126438164,0.06434017678378141,50000
87000,0.91735,42,0.0,46.284784581321155,44.89778692190945,1.386997659411713,0.0,23.81835854132433,23.109873303416084,0.7084852379082485,50000
88000,0.9164,43,0.0,45.85037525665213,44.420582727866936,1.4297925287851974,0.0,1.6068520584228994,1.4772693808410182,0.1295826775818819,50000
89000,0.91545,43,0.0,45.85037525665213,44.420582727866936,1.4297925287851974,0.0,18.96257970683143,18.268201293571703,0.6943784132597242,50000
90000,0.9145,44,0.0,45.391645503802046,43.93277225923576,1.4588732445662915,0.0,1.1278096175127958,1.0718280115119745,0.055981606000821346,50000
91000,0.91355,44,0.0,45.391645503802046,43.93277225923576,1.4588732445662915,0.0,22.963459877920567,22.48017388101241,0.4832859969081729,50000
92000,0.9126,44,0.0,45.391645503802046,43.93277225923576,1.4588732445662915,0.0,41.229146760852984,40.47007889275316,0.7590678680998121,50000
93000,0.91165,45,0.0,45.2616879881238,43.802467574134575,1.4592204139892415,0.0,23.977050203201966,23.75424457367331,0.22280562952863558,50000
94000,0.9107000000000001,45,0.0,45.2616879881238,43.802467574134575,1.4592204139892415,0.0,43.03455687924829,42.37925158362732,0.6553052956209565,50000
95000,0.9097500000000001,46,0.0,44.735147936642,43.278733011838504,1.456414924803488,0.0,20.561681180404253,19.740610452456803,0.8210707279474652,50000
96000,0.9088,46,0.0,44.735147936642,43.278733011838504,1.456414924803488,0.0,42.161242033365866,40.36497256721187,1.7962694661540475,50000
97000,0.90785,47,0.0,44.65848812196413,43.13925524797384,1.5192328739903052,0.0,18.38178784093472,17.80227642355253,0.5795114173821964,50000
98000,0.9069,47,0.0,44.65848812196413,43.13925524797384,1.5192328739903052,0.0,36.75831511106846,35.157255600681786,1.601059510386679,50000
99000,0.90595,48,0.0,44.46717048495206,42.8989619197454,1.5682085652066633,0.0,18.64646328532653,18.098856803803304,0.547606481523212,50000
100000,0.905,48,0.0,44.46717048495206,42.8989619197454,1.5682085652066633,0.0,36.936583598754794,35.9803604891159,0.9562231096388392,50000
101000,0.90405,49,0.0,44.27425397062024,42.70346766214243,1.5707863084778122,0.0,13.874778222154562,13.334205909810883,0.5405723123436809,50000
102000,0.9031,49,0.0,44.27425397062024,42.70346766214243,1.5707863084778122,0.0,33.744629172249915,33.01903928376321,0.7255898884866816,50000
103000,0.90215,50,0.0,43.7300128248917,42.22390983277176,1.5061029921199385,0.0,18.12118853575635,17.499054975595747,0.622133560160596,50000
104000,0.9012,50,0.0,43.7300128248917,42.22390983277176,1.5061029921199385,0.0,36.79830197501961,34.986975040675816,1.8113269343438267,50000
105000,0.90025,51,0.0,43.55354014998111,42.00747321218609,1.5460669377950147,0.0,12.919645590819501,12.040440174121262,0.8792054166982383,50000
106000,0.8993,51,0.0,43.55354014998111,42.00747321218609,1.5460669377950147,0.0,31.418315312944728,29.368632211880268,2.049683101064462,50000
107000,0.89835,52,0.0,43.157051412307815,41.60950288473088,1.547548527576947,0.0,16.838773692528072,15.977056389845663,0.8617173026824045,50000
108000,0.8974,52,0.0,43.157051412307815,41.60950288473088,1.547548527576947,0.0,35.29381965782814,33.58212237945968,1.7116972783684241,50000
109000,0.89645,53,0.0,42.95298941636893,41.385564075681366,1.5674253406875551,0.0,13.564532058169835,13.030229640052086,0.5343024181177476,50000
110000,0.8955,53,0.0,42.95298941636893,41.385564075681366,1.5674253406875551,0.0,31.462310550174045,30.406174069814394,1.0561364803596522,50000
111000,0.89455,54,0.0,42.298861316896634,40.799275137220306,1.4995861796763348,0.0,10.088704872601454,9.678899638697393,0.40980523390405865,50000
112000,0.8936,54,0.0,42.298861316896634,40.799275137220306,1.4995861796763348,0.0,26.205534641205148,24.894481034838805,1.311053606366349,50000
113000,0.8926499999999999,55,0.0,41.699936523511575,40.25986369500036,1.44007282851122,0.0,15.66594360080522,15.018419127626773,0.6475244731784531,50000
114000,0.8917,55,0.0,41.699936523511575,40.25986369500036,1.44007282851122,0.0,34.63032218343742,32.987122596618484,1.643199586818968,50000
115000,0.89075,56,0.0,41.81545113676133,40.41226129489549,1.4031898418658437,0.0,10.866399826436176,10.098630267479495,0.7677695589566775,50000
116000,0.8898,56,0.0,41.81545113676133,40.41226129489549,1.4031898418658437,0.0,28.499487342473657,26.754138330504315,1.7453490119693353,50000
117000,0.88885,57,0.0,41.50246962839121,40.04218575128298,1.4602838771082227,0.0,9.755650021436304,9.491207883650725,0.26444213778557896,50000
118000,0.8879,57,0.0,41.50246962839121,40.04218575128298,1.4602838771082227,0.0,27.54951317457898,26.739565647232574,0.809947527346402,50000
119000,0.88695,58,0.0,40.853551571484225,39.41134321184449,1.442208359639731,0.0,8.62860078684899,7.814162827651866,0.8144379591971236,50000
120000,0.886,58,0.0,40.853551571484225,39.41134321184449,1.442208359639731,0.0,25.209152869495217,23.007302120661965,2.201850748833266,50000
121000,0.88505,59,0.0,40.18293479105815,38.66315059435302,1.5197841967051207,0.0,6.733800529261235,6.282186494864868,0.4516140343963682,50000
122000,0.8841,59,0.0,40.18293479105815,38.66315059435302,1.5197841967051207,0.0,23.123109747337907,21.73972766317443,1.3833820841634943,50000
123000,0.88315,60,0.0,39.814610919941416,38.23207732976659,1.582533590174817,0.0,5.731874850459511,5.254226636533095,0.47764821392641493,50000
124000,0.8822,60,0.0,39.814610919941416,38.23207732976659,1.582533590174817,0.0,21.079325686251806,19.400767414097782,1.6785582721540102,50000
125000,0.88125,61,0.0,39.376138272838844,37.70197783372518,1.6741604391136646,0.0,4.546344510278652,3.9062103308742304,0.6401341794044207,50000
126000,0.8803,61,0.0,39.376138272838844,37.70197783372518,1.6741604391136646,0.0,19.677368710374484,17.613153224489732,2.0642154858847617,50000
127000,0.87935,62,0.0,38.68360361191607,36.89490827698646,1.7886953349296075,0.0,6.861722886277384,6.709308062530093,0.15241482374729065,50000
128000,0.8784,62,0.0,38.68360361191607,36.89490827698646,1.7886953349296075,0.0,24.77069149615443,23.56199274278175,1.2086987533726634,50000
129000,0.8774500000000001,63,0.0,38.67479102904086,36.862168425052715,1.812622603988149,0.0,6.673352026855327,6.399625567399099,0.2737264594562283,50000
130000,0.8765000000000001,63,0.0,38.67479102904086,36.862168425052715,1.812622603988149,0.0,26.225144623724276,24.616399840513953,1.6087447832103081,50000
131000,0.87555,64,0.0,38.91513570294257,37.031899013831,1.8832366891115673,0.0,2.628225996833614,2.4429362184216545,0.18528977841195973,50000
132000,0.8746,64,0.0,38.91513570294257,37.031899013831,1.8832366891115673,0.0,18.19044560457313,17.118710934909604,1.0717346696635084,50000
133000,0.87365,65,0.0,38.444123531952016,36.51125005554242,1.932873476409582,0.0,2.1471381348139342,1.6864113944546697,0.4607267403592654,50000
134000,0.8727,65,0.0,38.444123531952016,36.51125005554242,1.932873476409582,0.0,19.294246484122617,18.015648288524694,1.2785981955979202,50000
135000,0.87175,66,0.0,37.896918734466155,35.905291947953486,1.991626786512661,0.0,1.9622788934294624,1.8392784687047168,0.12300042472474601,50000
136000,0.8708,66,0.0,37.896918734466155,35.905291947953486,1.991626786512661,0.0,20.52467614942788,18.249788081324958,2.2748880681029364,50000
137000,0.86985,67,0.0,37.48952822584625,35.42355352308292,2.065974702763315,0.0,0.4724585166538544,0.3720458285905897,0.10041268806326467,50000
138000,0.8689,67,0.0,37.48952822584625,35.42355352308292,2.065974702763315,0.0,16.940440110458557,15.038967368422966,1.901472742035586,50000
139000,0.86795,67,0.0,37.48952822584625,35.42355352308292,2.065974702763315,0.0,32.98041472255781,29.30641578113528,3.6739989414225285,50000
140000,0.867,68,0.0,37.18068599693987,35.021106573708565,2.159579423231306,0.0,17.88034665944699,16.486147903380356,1.3941987560666533,50000
141000,0.86605,68,0.0,37.18068599693987,35.021106573708565,2.159579423231306,0.0,33.4888213520534,31.122754107600876,2.366067244452544,50000
142000,0.8651,69,0.0,36.87715774047637,34.64346294535491,2.2336947951214565,0.0,20.70585642362974,19.476291420790147,1.2295650028395875,50000
143000,0.86415,69,0.0,36.87715774047637,34.64346294535491,2.2336947951214565,0.0,39.563886928451,36.916706905287455,2.6471800231634863,50000
144000,0.8632,70,0.0,37.051836294111936,34.72208516823943,2.3297511258724968,0.0,17.04524915206156,16.12343714567214,0.9218120063894331,50000
145000,0.86225,70,0.0,37.051836294111936,34.72208516823943,2.3297511258724968,0.0,32.481498606223596,30.645165891803746,1.8363327144198462,50000
146000,0.8613,71,0.0,36.68166757192749,34.35298366123836,2.3286839106891204,0.0,16.476252002514226,14.990019351499926,1.4862326510142898,50000
147000,0.86035,71,0.0,36.68166757192749,34.35298366123836,2.3286839106891204,0.0,33.56457320108068,30.632562368900956,2.932010832179727,50000
148000,0.8594,72,0.0,36.65060790814563,34.273059559211845,2.3775483489337796,0.0,17.346508713222523,16.592393053738704,0.7541156594838121,50000
149000,0.85845,72,0.0,36.65060790814563,34.273059559211845,2.3775483489337796,0.0,36.8734274604964,34.068836832549785,2.804590627946537,50000
150000,0.8575,73,0.0,36.628786124594164,34.19585362155358,2.4329325030405715,0.0,14.849130469499288,13.488565086318765,1.3605653831805324,50000
151000,0.85655,73,0.0,36.628786124594164,34.19585362155358,2.4329325030405715,0.0,32.214781922382976,29.497743991834046,2.7170379305489587,50000
152000,0.8556,74,0.0,36.56528139111073,34.02478148780692,2.540499903303787,0.0,15.340067858392437,13.981886906343613,1.3581809520488215,50000
153000,0.85465,74,0.0,36.56528139111073,34.02478148780692,2.540499903303787,0.0,33.75084867804152,30.86126913625233,2.8895795417892236,50000
154000,0.8537,75,0.0,36.69658380554009,34.05583958250973,2.640744223030333,0.0,13.989814033761684,12.47797021361065,1.5118438201510471,50000
155000,0.85275,75,0.0,36.69658380554009,34.05583958250973,2.640744223030333,0.0,31.127018963315074,28.030365673045367,3.0966532902697304,50000
156000,0.8518,76,0.0,36.39686040078303,33.65869851343968,2.7381618873433267,0.0,14.563222649463698,13.991546453099488,0.5716761963642065,50000
157000,0.85085,76,0.0,36.39686040078303,33.65869851343968,2.7381618873433267,0.0,30.864691011259055,28.79201231887783,2.0726786923812086,50000
158000,0.8499,77,0.0,36.35450583258735,33.58749054513175,2.7670152874555947,0.0,14.554240311241093,13.860092937592935,0.6941473736481681,50000
159000,0.84895,77,0.0,36.35450583258735,33.58749054513175,2.7670152874555947,0.0,31.704434928478335,29.50126584878393,2.203169079694392,50000
160000,0.848,78,0.0,36.44364201040411,33.59877823076271,2.844863779641389,0.0,10.634194239216173,9.44643397471242,1.187760264503757,50000
161000,0.84705,78,0.0,36.44364201040411,33.59877823076271,2.844863779641389,0.0,30.14274587204719,27.457855883398494,2.684889988648693,50000
162000,0.8461,79,0.0,36.56758316065315,33.68765081392347,2.8799323467296754,0.0,10.464681767613126,9.965291186245848,0.4993905813672649,50000
163000,0.8451500000000001,79,0.0,36.56758316065315,33.68765081392347,2.8799323467296754,0.0,30.224751190486668,28.941094608214314,1.2836565822723454,50000
164000,0.8442000000000001,80,0.0,36.80613473932993,33.92028931857681,2.885845420753096,0.0,8.713283816193547,7.596566106590943,1.1167177096026073,50000
165000,0.84325,80,0.0,36.80613473932993,33.92028931857681,2.885845420753096,1.0,28.772154547041005,26.07882508702214,2.693329460018851,50000
166000,0.8423,81,0.05,37.20663076459859,34.256006810474304,2.9506239541242754,0.0,8.81986500953709,8.073264236061068,0.7466007734760187,50000
167000,0.84135,81,0.05,37.20663076459859,34.256006810474304,2.9506239541242754,0.0,24.485091480273237,22.416161319681184,2.0689301605920574,50000
168000,0.8404,82,0.05,37.35306307739143,34.43072515006632,2.9223379273250956,0.0,7.692832212574909,7.208263089536366,0.4845691230385431,50000
169000,0.83945,82,0.05,37.35306307739143,34.43072515006632,2.9223379273250956,0.0,25.578965532907066,23.99063340387432,1.5883321290327532,50000
170000,0.8385,83,0.05,37.21271952146671,34.22868902944884,2.9840304920178644,0.0,8.712003014959405,7.911207000505392,0.8007960144540098,50000
171000,0.83755,83,0.05,37.21271952146671,34.22868902944884,2.9840304920178644,0.0,26.97282391312149,24.149402994627085,2.8234209184944126,50000
172000,0.8366,84,0.05,37.0706102957324,34.004369253947935,3.066241041784459,0.0,7.308866399060183,6.870160111906978,0.4387062871532042,50000
173000,0.83565,84,0.05,37.0706102957324,34.004369253947935,3.066241041784459,0.0,23.731948741698723,22.020713741917984,1.7112349997807201,50000
174000,0.8347,85,0.05,37.32341537448243,34.20545932203907,3.1179560524433603,0.0,7.610696946324581,7.119219503355315,0.4914774429692682,50000
175000,0.83375,85,0.05,37.32341537448243,34.20545932203907,3.1179560524433603,0.0,24.81257110561297,23.734678558348616,1.0778925472643526,50000
176000,0.8328,86,0.05,37.55759007172857,34.42132311912386,3.1362669526046902,0.0,4.802312975621351,4.222917645793654,0.5793953298276937,50000
177000,0.83185,86,0.05,37.55759007172857,34.42132311912386,3.1362669526046902,0.0,21.37266838608424,18.809350224764174,2.5633181613200584,50000
178000,0.8309,87,0.05,37.47869627539735,34.26082555499771,3.217870720399631,0.0,3.6041825626322566,3.3001067800363204,0.30407578259593515,50000
179000,0.82995,87,0.05,37.47869627539735,34.26082555499771,3.217870720399631,0.0,23.22651918838473,21.340929002633146,1.8855901857515902,50000
180000,0.829,88,0.05,37.708849386059754,34.531213970999076,3.177635415060667,0.0,2.820711714129641,2.4060014650702923,0.4147102490593504,50000
181000,0.82805,88,0.05,37.708849386059754,34.531213970999076,3.177635415060667,0.0,22.551474571157897,19.742376222277738,2.8090983488801613,50000
182000,0.8271,89,0.05,37.93084783245039,34.624186411413454,3.3066614210369045,0.0,1.7116990766589923,1.5938063902199309,0.11789268643906185,50000
183000,0.82615,89,0.05,37.93084783245039,34.624186411413454,3.3066614210369045,0.0,20.677513252850428,19.7227703165345,0.9547429363159468,50000
184000,0.8252,90,0.05,37.63978158588211,34.35987833010386,3.279903255778226,0.0,0.4731832173384043,0.40577524442380886,0.06740797291459535,50000
185000,0.82425,90,0.05,37.63978158588211,34.35987833010386,3.279903255778226,0.0,22.49991228607489,21.43562449031818,1.0642877957567176,50000
186000,0.8233,90,0.05,37.63978158588211,34.35987833010386,3.279903255778226,0.0,39.42637344715673,36.63757359387171,2.7887998532850684,50000
187000,0.82235,91,0.05,37.90355052727263,34.583632768217136,3.3199177590554614,0.0,19.31508694225467,17.801621427326165,1.513465514928486,50000
188000,0.8214,91,0.05,37.90355052727263,34.583632768217136,3.3199177590554614,0.0,34.91394912725045,32.3754529554536,2.538496171796846,50000
189000,0.82045,92,0.05,37.88529342043314,34.608684555451745,3.2766088649813874,0.0,16.9724926436892,15.011624252709838,1.96086839097936,50000
190000,0.8195,92,0.05,37.88529342043314,34.608684555451745,3.2766088649813874,0.0,32.27951584510598,28.236738047470265,4.0427777976357016,50000
191000,0.81855,93,0.05,37.51477164881918,34.191962373514436,3.3228092753047265,0.0,13.887620979312617,11.943976230482601,1.943644748830011,50000
192000,0.8176,93,0.05,37.51477164881918,34.191962373514436,3.3228092753047265,0.0,28.53297949437462,24.994016891031233,3.5389626033433554,50000
193000,0.81665,94,0.05,37.205373668808434,33.86305292617514,3.3423207426332864,0.0,14.352193363217381,13.117819035185658,1.234374328031732,50000
194000,0.8157,94,0.05,37.205373668808434,33.86305292617514,3.3423207426332864,0.0,29.05895403508478,26.806841386388538,2.2521126486962357,50000
195000,0.81475,95,0.05,36.872755368596025,33.57743272348623,3.2953226451097812,0.0,16.62165411328602,14.948154471931531,1.673499641354484,50000
196000,0.8138,95,0.05,36.872755368596025,33.57743272348623,3.2953226451097812,0.0,33.076946494198594,29.48615980907188,3.5907866851267163,50000
197000,0.81285,96,0.05,36.83356472984178,33.53108005297401,3.3024846768677656,0.0,14.868686098207569,13.026591513398424,1.842094584809136,50000
198000,0.8119000000000001,96,0.05,36.83356472984178,33.53108005297401,3.3024846768677656,0.0,30.45132813303995,26.901257253696894,3.550070879343036,50000
199000,0.8109500000000001,97,0.05,36.70960587568079,33.35750640135738,3.3520994743234063,0.0,11.863789629589293,10.781665032188425,1.0821245974008675,50000
200000,0.81,97,0.05,36.70960587568079,33.35750640135738,3.3520994743234063,0.0,26.093107403848244,23.442897285840658,2.6502101180075686,50000
201000,0.80905,98,0.05,36.340704410975825,32.96920332546903,3.3715010855067833,0.0,12.939639038070275,11.488005788125372,1.4516332499449132,50000
202000,0.8081,98,0.05,36.340704410975825,32.96920332546903,3.3715010855067833,0.0,29.069292052034676,25.120361374917614,3.94893067711706,50000
203000,0.80715,99,0.05,36.18286028761059,32.73535954864659,3.4475007389639947,0.0,10.77555336752475,9.91624753813233,0.8593058293924222,50000
204000,0.8062,99,0.05,36.18286028761059,32.73535954864659,3.4475007389639947,0.0,25.945785582465547,23.400326356289145,2.5454592261764066,50000
205000,0.80525,100,0.05,35.84637177345835,32.33934043485531,3.507031338603035,0.0,11.094313797822277,10.000833404853438,1.0934803929688353,50000
206000,0.8043,100,0.05,35.84637177345835,32.33934043485531,3.507031338603035,0.0,27.336960039949368,24.111534513708087,3.2254255262412586,50000
207000,0.80335,101,0.0,35.57609197743061,32.042135743165794,3.533956234264802,0.0,7.873024504315181,6.4836660515868845,1.3893584527283027,50000
208000,0.8024,101,0.0,35.57609197743061,32.042135743165794,3.533956234264802,0.0,23.238373739909267,19.600563836303035,3.637809903606267,50000
209000,0.80145,102,0.0,35.4094006278334,31.789362522888815,3.6200381049445793,0.0,7.4370910794046,6.342498900704777,1.0945921786998214,50000
210000,0.8005,102,0.0,35.4094006278334,31.789362522888815,3.6200381049445793,0.0,22.11464383506568,19.42660001337793,2.6880438216877587,50000
211000,0.79955,103,0.0,35.00459339745542,31.365269852825378,3.639323544630037,0.0,10.21200021714704,9.289652605610538,0.9223476115364986,50000
212000,0.7986,103,0.0,35.00459339745542,31.365269852825378,3.639323544630037,0.0,27.370875397187067,25.057242625721248,2.313632771465775,50000
213000,0.79765,104,0.0,34.93806200793007,31.34608225621583,3.5919797517142285,0.0,8.872518178566317,7.9215214894851975,0.9509966890811175,50000
214000,0.7967,104,0.0,34.93806200793007,31.34608225621583,3.5919797517142285,0.0,26.350305397161396,22.514923222221558,3.835382174939808,50000
215000,0.79575,105,0.0,34.945534647955206,31.22949381645817,3.716040831497023,0.0,5.680306886538147,4.836198613316531,0.8441082732216106,50000
216000,0.7948,105,0.0,34.945534647955206,31.22949381645817,3.716040831497023,0.0,22.382972291451114,18.775815473117653,3.607156818333475,50000
217000,0.79385,106,0.0,34.76153186887745,30.890351598723964,3.871180270153476,0.0,6.836846934314093,6.132121745745588,0.7047251885685049,50000
218000,0.7929,106,0.0,34.76153186887745,30.890351598723964,3.871180270153476,0.0,22.89647201486639,20.354720115039143,2.541751899827257,50000
219000,0.79195,107,0.0,34.80453189445132,30.992647925284132,3.811883969167179,0.0,4.009315937127445,3.527444546482595,0.4818713906448498,50000
220000,0.791,107,0.0,34.80453189445132,30.992647925284132,3.811883969167179,0.0,18.869588487823947,17.023909818640686,1.8456786691832447,50000
221000,0.79005,108,0.0,34.542949224744994,30.735099895108362,3.8078493296366167,0.0,4.597357235495661,4.0147029324775545,0.5826543030181056,50000
222000,0.7891,108,0.0,34.542949224744994,30.735099895108362,3.8078493296366167,0.0,21.437745997348504,18.42049743566547,3.0172485616830125,50000
223000,0.78815,109,0.0,34.382311169244005,30.5618907490862,3.8204204201577907,0.0,2.7640489586047527,2.3779065613974257,0.38614239720732785,50000
224000,0.7872,109,0.0,34.382311169244005,30.5618907490862,3.8204204201577907,0.0,19.272045293903638,17.04083178405596,2.231213509847687,50000
225000,0.78625,110,0.0,34.2685534420075,30.347052215962652,3.9215012260448328,0.0,1.776734626436815,1.5266991768942064,0.250035449542608,50000
226000,0.7853,110,0.0,34.2685534420075,30.347052215962652,3.9215012260448328,0.0,18.65512700129579,15.678579045019822,2.97654795627599,50000
227000,0.78435,111,0.0,33.9183503601292,29.879507206938392,4.0388431531907925,0.0,1.7306254207385687,1.632612638582481,0.09801278215608773,50000
228000,0.7834,111,0.0,33.9183503601292,29.879507206938392,4.0388431531907925,0.0,19.049745335420425,17.53025452150957,1.5194908139108294,50000
229000,0.78245,112,0.0,33.84975183652914,29.77626759179541,4.073484244733711,0.0,0.3869344301142453,0.3602735566306481,0.026660873483597154,50000
230000,0.7815,112,0.0,33.84975183652914,29.77626759179541,4.073484244733711,0.0,16.25074487206025,15.132048201737105,1.1186966703231436,50000
231000,0.78055,112,0.0,33.84975183652914,29.77626759179541,4.073484244733711,0.0,32.16122186569089,29.866953155083724,2.2942687106071746,50000
232000,0.7796,113,0.0,33.76988757868874,29.791076269725842,3.9788113089628814,0.0,14.479173100104207,12.287527117152873,2.1916459829513233,50000
233000,0.7786500000000001,113,0.0,33.76988757868874,29.791076269725842,3.9788113089628814,0.0,31.0834176976494,26.74613199329746,4.337285704351975,50000
234000,0.7777000000000001,114,0.0,33.800755535457576,29.798539937847984,4.002215597609579,0.0,14.42763313472657,11.944060511575197,2.4835726231513653,50000
235000,0.77675,114,0.0,33.800755535457576,29.798539937847984,4.002215597609579,1.0,36.19957534345464,32.460609117671375,3.7389662257832206,50000
236000,0.7758,115,0.05,34.08870380946176,30.024762483608175,4.06394132585358,0.0,18.071910889168826,15.196843192755567,2.8750676964132755,50000
237000,0.77485,115,0.05,34.08870380946176,30.024762483608175,4.06394132585358,0.0,33.96074368286753,28.876644236503594,5.084099446363954,50000
238000,0.7739,116,0.05,34.05836181013358,29.940083764282086,4.118278045851481,0.0,14.984225539746284,13.564089916868861,1.4201356228774327,50000
239000,0.77295,116,0.05,34.05836181013358,29.940083764282086,4.118278045851481,0.0,29.412400538312713,26.673331660509128,2.739068877803583,50000
240000,0.772,117,0.05,33.916077352843395,29.84918497728728,4.06689237555611,0.0,15.417789894152305,13.48491396819678,1.9328759259555264,50000
241000,0.77105,117,0.05,33.916077352843395,29.84918497728728,4.06689237555611,0.0,32.25027918300602,27.764722289204403,4.4855568938016095,50000
242000,0.7701,118,0.05,34.16243261982769,30.00590743635873,4.156525183468953,1.0,15.236817470475048,13.533166234780126,1.7036512356949203,50000
243000,0.76915,118,0.05,34.16243261982769,30.00590743635873,4.156525183468953,1.0,30.910960630392246,26.642180726059937,4.268779904332323,50000
244000,0.7682,119,0.1,34.156461276841036,30.013338910520652,4.1431223663203856,0.0,17.587424360620318,15.994530093201451,1.5928942674188642,50000
245000,0.76725,119,0.1,34.156461276841036,30.013338910520652,4.1431223663203856,0.0,35.67118791955223,32.992032854979726,2.6791550645724924,50000
246000,0.7663,120,0.1,34.59125955348404,30.449466305303115,4.141793248180927,0.0,13.93798705798909,12.626817528863477,1.3111695291256196,50000
247000,0.76535,120,0.1,34.59125955348404,30.449466305303115,4.141793248180927,0.0,30.295337928383358,27.110762889368385,3.1845750390149936,50000
248000,0.7644,121,0.1,34.67936924203147,30.552786334432447,4.126582907599007,0.0,12.643008421480907,11.664347517474074,0.9786609040068371,50000
249000,0.76345,121,0.1,34.67936924203147,30.552786334432447,4.126582907599007,0.0,28.204642626870168,24.920352358339603,3.2842902685305613,50000
250000,0.7625,122,0.1,34.82920563086897,30.733672670903974,4.095532959964984,0.0,11.357552939602808,9.924258473429147,1.4332944661736595,50000
251000,0.76155,122,0.1,34.82920563086897,30.733672670903974,4.095532959964984,0.0,27.79945772567795,22.921289582536083,4.878168143141897,50000
252000,0.7605999999999999,123,0.1,35.096291653634,30.868391404813146,4.227900248820834,0.0,10.669177352219355,9.199276552000427,1.4699008002189458,50000
253000,0.75965,123,0.1,35.096291653634,30.868391404813146,4.227900248820834,0.0,26.10824678947147,22.160322961827543,3.947923827643938,50000
254000,0.7587,124,0.1,34.92768942701177,30.59305982366496,4.334629603346789,0.0,11.055912045103984,9.753674665749186,1.302237379354796,50000
255000,0.75775,124,0.1,34.92768942701177,30.59305982366496,4.334629603346789,0.0,27.153312761608507,23.19365682839327,3.9596559332152417,50000
256000,0.7568,125,0.1,34.85854015273376,30.54938289102218,4.30915726171156,0.0,10.507644537545051,9.308702561781935,1.1989419757631194,50000
257000,0.75585,125,0.1,34.85854015273376,30.54938289102218,4.30915726171156,0.0,27.38156650052513,23.32129343599811,4.060273064527035,50000
258000,0.7549,126,0.1,35.03214113907988,30.669172691626944,4.362968447452923,0.0,9.573476695050479,8.528721622988582,1.0447550720619003,50000
259000,0.75395,126,0.1,35.03214113907988,30.669172691626944,4.362968447452923,0.0,25.330047518872295,22.0493288403413,3.280718678531016,50000
260000,0.753,127,0.1,35.01815106762817,30.574717818875627,4.443433248752525,0.0,8.224243916844017,6.7100850493101785,1.5141588675338409,50000
261000,0.75205,127,0.1,35.01815106762817,30.574717818875627,4.443433248752525,0.0,24.873204800815902,19.85537805789708,5.017826742918833,50000
262000,0.7511,128,0.1,35.19698237242881,30.530848858776846,4.666133513651959,0.0,6.715757535192498,5.907700897396172,0.8080566377963262,50000
263000,0.75015,128,0.1,35.19698237242881,30.530848858776846,4.666133513651959,0.0,21.54728075751232,18.67959629388431,2.8676844636279593,50000
264000,0.7492,129,0.1,35.00388647955856,30.359805162523305,4.644081317035256,0.0,7.691612453745706,6.626323970036703,1.0652884837090058,50000
265000,0.7482500000000001,129,0.1,35.00388647955856,30.359805162523305,4.644081317035256,0.0,24.21407880581056,20.095723901344783,4.118354904465777,50000
266000,0.7473000000000001,130,0.1,35.14884570109883,30.41188746104317,4.736958240055644,0.0,3.77656493194326,2.7996338501084663,0.9769310818347918,50000
267000,0.7463500000000001,130,0.1,35.14884570109883,30.41188746104317,4.736958240055644,0.0,19.89625099295219,15.339124500782162,4.557126492169992,50000
268000,0.7454000000000001,131,0.1,35.11524001102572,30.27897486075622,4.836265150269492,0.0,6.104411420606218,5.472675618370555,0.6317358022356663,50000
269000,0.7444500000000001,131,0.1,35.11524001102572,30.27897486075622,4.836265150269492,0.0,24.215423724768712,20.46416371047835,3.7512600142903687,50000
270000,0.7435,132,0.1,35.24591929254426,30.26105677977579,4.984862512768471,0.0,3.6995253438424385,2.9231767556738366,0.7763485881686029,50000
271000,0.74255,132,0.1,35.24591929254426,30.26105677977579,4.984862512768471,0.0,19.816959146582846,15.837555352820154,3.9794037937627222,50000
272000,0.7416,133,0.1,35.29447343079356,30.06828040675051,5.226193024043059,0.0,3.0744853797088147,2.7720872078259937,0.3023981718828213,50000
273000,0.74065,133,0.1,35.29447343079356,30.06828040675051,5.226193024043059,0.0,19.751104823057837,16.612764363414556,3.1383404596432847,50000
274000,0.7397,134,0.1,35.428688843468265,30.140518524296322,5.288170319171947,0.0,1.2681998160195393,0.9914490291043515,0.2767507869151882,50000
275000,0.73875,134,0.1,35.428688843468265,30.140518524296322,5.288170319171947,0.0,16.587263745151258,13.684590355946987,2.9026733892042738,50000
276000,0.7378,135,0.05,35.10094123555562,29.737898441802088,5.36304279375354,0.0,1.0053927758349732,0.9049880374311181,0.10040473840385516,50000
277000,0.73685,135,0.05,35.10094123555562,29.737898441802088,5.36304279375354,0.0,21.435351828826082,17.145017168329076,4.290334660497024,50000
278000,0.7359,135,0.05,35.10094123555562,29.737898441802088,5.36304279375354,1.0,39.32096500614622,31.02648161334177,8.294483392804416,50000
279000,0.73495,136,0.1,35.26117578712103,29.734466689431816,5.526709097689216,0.0,19.49268346563935,16.928624075491413,2.564059390147927,50000
280000,0.734,136,0.1,35.26117578712103,29.734466689431816,5.526709097689216,0.0,36.11188307630739,30.49752253061415,5.6143605456932235,50000
281000,0.73305,137,0.1,35.50810173538009,29.841683187261975,5.666418548118105,0.0,20.7104555117697,17.707193662600233,3.003261849169485,50000
282000,0.7321,137,0.1,35.50810173538009,29.841683187261975,5.666418548118105,0.0,37.15235816138375,29.421916394214715,7.730441767169109,50000
283000,0.73115,138,0.1,35.62118062568267,29.791967535928812,5.829213089753862,0.0,15.658924585002042,13.175501919680343,2.4834226653217004,50000
284000,0.7302,138,0.1,35.62118062568267,29.791967535928812,5.829213089753862,0.0,31.27505289507037,25.17701795396126,6.098034941109114,50000
285000,0.72925,139,0.05,35.517546622448194,29.59925664315362,5.918289979294569,0.0,17.654083331889325,15.488111869476628,2.1659714624127,50000
286000,0.7283000000000001,139,0.05,35.517546622448194,29.59925664315362,5.918289979294569,0.0,35.14071692942423,30.211524316767264,4.929192612656994,50000
287000,0.72735,140,0.05,35.38383334145577,29.34602066864922,6.037812672806561,0.0,12.608492142795635,10.532396983986127,2.0760951588095153,50000
288000,0.7264,140,0.05,35.38383334145577,29.34602066864922,6.037812672806561,0.0,27.996063893120535,23.22219259550804,4.773871297612482,50000
289000,0.72545,141,0.05,35.16591323933136,29.088796771251527,6.07711646807983,0.0,15.55608127092908,13.029214154668324,2.5268671162607514,50000
290000,0.7245,141,0.05,35.16591323933136,29.088796771251527,6.07711646807983,0.0,32.30816397714159,24.699652494151795,7.6085114829898,50000
291000,0.72355,142,0.05,35.29248903055902,28.986501998439117,6.305987032119907,0.0,15.5665460186419,12.46721835296793,3.0993276656739877,50000
292000,0.7226,142,0.05,35.29248903055902,28.986501998439117,6.305987032119907,0.0,30.696100318102804,24.625392536099636,6.070707782003199,50000
293000,0.72165,143,0.05,35.33989451391537,28.979339105242538,6.360555408672836,0.0,11.383568349447039,9.612203575357308,1.7713647740897318,50000
294000,0.7207,143,0.05,35.33989451391537,28.979339105242538,6.360555408672836,1.0,26.887043064713335,22.59333759415589,4.293705470557506,50000
295000,0.71975,144,0.1,35.27367650606236,28.940828378273835,6.33284812778853,0.0,14.460344189824113,11.863325172550079,2.597019017274047,50000
296000,0.7188000000000001,144,0.1,35.27367650606236,28.940828378273835,6.33284812778853,0.0,31.427571511873456,25.151269333635263,6.276302178238194,50000
297000,0.7178500000000001,145,0.1,35.42232820514466,28.968120472219947,6.45420773292471,0.0,10.977654323228826,8.453194452422771,2.524459870806057,50000
298000,0.7169000000000001,145,0.1,35.42232820514466,28.968120472219947,6.45420773292471,0.0,26.83395885008755,20.86711366688963,5.966845183197904,50000
299000,0.7159500000000001,146,0.1,35.24081168396161,28.74312909963474,6.497682584326881,0.0,7.926074181892195,6.608569619699288,1.3175045621929071,50000
300000,0.7150000000000001,146,0.1,35.24081168396161,28.74312909963474,6.497682584326881,0.0,25.1872679815436,20.892836639103383,4.294431342440207,50000
301000,0.7140500000000001,147,0.1,35.13308604196585,28.59740233622271,6.535683705743151,0.0,10.252069312996966,8.538457817527583,1.7136114954693837,50000
302000,0.7131000000000001,147,0.1,35.13308604196585,28.59740233622271,6.535683705743151,0.0,26.5841956883476,22.216447708061164,4.367747980286462,50000
303000,0.7121500000000001,148,0.1,35.121528711989015,28.619155243935346,6.5023734680536736,0.0,10.539444740429271,8.491385242078792,2.0480594983504807,50000
304000,0.7112,148,0.1,35.121528711989015,28.619155243935346,6.5023734680536736,0.0,30.743130109704424,25.561718507542704,5.181411602161717,50000
305000,0.71025,149,0.1,35.53574195572834,28.901648960683964,6.634092995044379,0.0,6.68391187510479,4.6396816723253895,2.044230202779396,50000
306000,0.7093,149,0.1,35.53574195572834,28.901648960683964,6.634092995044379,0.0,24.09019289880941,18.41446223946083,5.675730659348585,50000
307000,0.70835,150,0.1,35.4505331826145,28.725219286254674,6.7253138963598245,0.0,9.173415121587874,8.356547447988758,0.8168676735991129,50000
308000,0.7074,150,0.1,35.4505331826145,28.725219286254674,6.7253138963598245,0.0,24.934786525155236,21.28345652970126,3.651329995453975,50000
309000,0.70645,151,0.1,35.60071616869166,28.932864249136532,6.6678519195551305,0.0,9.390344243266584,8.181335984061214,1.2090082592053708,50000
310000,0.7055,151,0.1,35.60071616869166,28.932864249136532,6.6678519195551305,0.0,27.52273494077259,22.771131556856346,4.7516033839162635,50000
311000,0.70455,152,0.1,35.66142003917288,28.97960990782147,6.681810131351402,0.0,4.565978002109144,3.635253822695494,0.9307241794136517,50000
312000,0.7036,152,0.1,35.66142003917288,28.97960990782147,6.681810131351402,0.0,21.05419923920528,17.222707733912316,3.831491505292959,50000
313000,0.70265,153,0.1,35.622809293042415,28.981895479804876,6.6409138132375505,0.0,5.580423997590212,4.692900115119409,0.8875238824708039,50000
314000,0.7017,153,0.1,35.622809293042415,28.981895479804876,6.6409138132375505,0.0,22.86874652565617,17.716861810624074,5.151884715032107,50000
315000,0.70075,154,0.1,35.654050960677964,28.924987064829498,6.729063895848462,0.0,2.973936271209128,2.1185818366616944,0.8553544345474311,50000
316000,0.6998,154,0.1,35.654050960677964,28.924987064829498,6.729063895848462,1.0,19.431817578390827,15.103384692053783,4.328432886337055,50000
317000,0.69885,155,0.15,35.714011281293224,28.875748173779737,6.838263107513488,0.0,3.709939016718469,3.2611563786783857,0.4487826380400815,50000
318000,0.6979,155,0.15,35.714011281293224,28.875748173779737,6.838263107513488,0.0,21.530583415273803,18.79627024233984,2.734313172934,50000
319000,0.69695,156,0.1,35.60993460444722,28.93039094739072,6.679543657056499,0.0,3.871894226586864,3.4638092652850845,0.4080849613017783,50000
320000,0.696,156,0.1,35.60993460444722,28.93039094739072,6.679543657056499,0.0,22.676409964829602,18.759449602002242,3.9169603628273784,50000
321000,0.69505,157,0.1,35.690151549639744,29.0045212604918,6.68563028914795,0.0,1.841735858807021,1.5473745787846789,0.2943612800223422,50000
322000,0.6940999999999999,157,0.1,35.690151549639744,29.0045212604918,6.68563028914795,0.0,19.992077005274172,15.345757688621843,4.646319316652356,50000
323000,0.6931499999999999,158,0.1,35.57816917265423,28.861359625407943,6.716809547246283,0.0,0.283951022160884,0.21152932432162144,0.07242169783926261,50000
324000,0.6921999999999999,158,0.1,35.57816917265423,28.861359625407943,6.716809547246283,0.0,16.40962339746955,11.84584227682894,4.56378112064061,50000
325000,0.69125,158,0.1,35.57816917265423,28.861359625407943,6.716809547246283,0.0,32.56750677283536,23.37729921928616,9.190207553549184,50000
326000,0.6903,159,0.1,35.546582851959855,28.698710473314076,6.847872378645785,0.0,17.75139691599325,14.41820679720978,3.3331901187834565,50000
327000,0.68935,159,0.1,35.546582851959855,28.698710473314076,6.847872378645785,0.0,33.89774715577669,27.018491680352863,6.879255475423776,50000
328000,0.6884,160,0.1,35.38077664611798,28.461962665271397,6.918813980846574,0.0,15.988144372586143,11.952453628235075,4.035690744351071,50000
329000,0.68745,160,0.1,35.38077664611798,28.461962665271397,6.918813980846574,0.0,31.214939010134394,23.092918203969763,8.12202080616461,50000
330000,0.6865,161,0.1,35.43219757332956,28.335365229047646,7.096832344281903,0.0,17.518875761449625,14.258213181449944,3.2606625799996736,50000
331000,0.68555,161,0.1,35.43219757332956,28.335365229047646,7.096832344281903,0.0,32.90904935303034,26.459201606165905,6.449847746864412,50000
332000,0.6846,162,0.1,35.363828595895875,28.3401004968022,7.023728099093664,0.0,12.64295448581484,9.529780328654887,3.113174157159956,50000
333000,0.68365,162,0.1,35.363828595895875,28.3401004968022,7.023728099093664,0.0,26.940382128626172,20.669057797118853,6.271324331507322,50000
334000,0.6827,163,0.1,35.027950273179634,28.038980069446787,6.988970203732842,0.0,13.38225327906922,11.581517309213252,1.8007359698559682,50000
335000,0.6817500000000001,163,0.1,35.027950273179634,28.038980069446787,6.988970203732842,0.0,28.692382230323776,24.331142648690165,4.361239581633601,50000
336000,0.6808000000000001,164,0.05,35.036603102665,28.06045191335911,6.976151189305864,0.0,18.79813714642207,16.203743574741193,2.594393571680895,50000
337000,0.6798500000000001,164,0.05,35.036603102665,28.06045191335911,6.976151189305864,0.0,35.938575878834015,30.448791331014984,5.489784547819035,50000
338000,0.6789000000000001,165,0.05,35.1446476855777,28.20969275615276,6.934954929424924,0.0,10.935845424338304,8.455888312324989,2.479957112013303,50000
339000,0.67795,165,0.05,35.1446476855777,28.20969275615276,6.934954929424924,0.0,26.42548718718558,19.37687839760095,7.048608789584562,50000
340000,0.677,166,0.05,35.01694058716284,28.026740252023036,6.9902003351397966,0.0,10.758993128399052,9.08684907546482,1.6721440529342195,50000
341000,0.67605,166,0.05,35.01694058716284,28.026740252023036,6.9902003351397966,0.0,27.57594510521416,22.653540354245333,4.922404750968849,50000
342000,0.6751,167,0.05,35.0658366740171,28.095990483588402,6.969846190428681,0.0,14.823329853333806,13.34602995706105,1.4772998962727562,50000
343000,0.67415,167,0.05,35.0658366740171,28.095990483588402,6.969846190428681,0.0,32.4665242084973,27.775493741375577,4.691030467121745,50000
344000,0.6732,168,0.05,35.223510911200805,28.289453116601088,6.934057794599708,0.0,12.283950339232964,10.3944554756882,1.889494863544761,50000
345000,0.67225,168,0.05,35.223510911200805,28.289453116601088,6.934057794599708,0.0,28.378445624250645,22.77565569646425,5.602789927786355,50000
346000,0.6713,169,0.05,35.02610647047594,28.109052907882408,6.917053562593513,1.0,9.697444704714957,8.2998034073993,1.3976412973156624,50000
347000,0.67035,169,0.05,35.02610647047594,28.109052907882408,6.917053562593513,1.0,27.313913283401167,22.81014875713223,4.503764526268958,50000
348000,0.6694,170,0.1,35.04048746801364,28.21011186490611,6.830375603107521,0.0,11.186223023494744,9.31596526510443,1.8702577583903095,50000
349000,0.66845,170,0.1,35.04048746801364,28.21011186490611,6.830375603107521,0.0,28.52995345679707,22.30479247412957,6.2251609826675045,50000
350000,0.6675,171,0.1,35.16345815696567,28.205014389317295,6.958443767648355,0.0,7.352265136675895,5.444139085275038,1.9081260514008522,50000
351000,0.66655,171,0.1,35.16345815696567,28.205014389317295,6.958443767648355,0.0,24.133859803697245,17.02750102536741,7.106358778329816,50000
352000,0.6656,172,0.1,34.96111737174763,27.864101734240005,7.097015637507619,0.0,9.500678953622677,8.187438426105661,1.3132405275170098,50000
353000,0.66465,172,0.1,34.96111737174763,27.864101734240005,7.097015637507619,0.0,27.729869541251695,24.4210568625382,3.3088126787135117,50000
354000,0.6637,173,0.1,35.2207276466506,28.14395420502145,7.076773441629132,0.0,9.479916831072018,8.683709321274394,0.7962075097976186,50000
355000,0.66275,173,0.1,35.2207276466506,28.14395420502145,7.076773441629132,0.0,25.88660898932816,21.338240149745662,4.548368839582543,50000
356000,0.6618,174,0.1,35.303413764309795,28.284016263658827,7.019397500650955,0.0,4.90473270445387,3.3532992476146606,1.551433456839213,50000
357000,0.66085,174,0.1,35.303413764309795,28.284016263658827,7.019397500650955,0.0,20.3139437591541,14.974735029215005,5.339208729939138,50000
358000,0.6599,175,0.05,35.24723158253336,28.18779678710792,7.059434795425439,0.0,7.863993693755212,7.172793953935191,0.6911997398200207,50000
359000,0.65895,175,0.05,35.24723158253336,28.18779678710792,7.059434795425439,0.0,25.29342360682968,20.88834752542142,4.405076081408267,50000
360000,0.658,176,0.05,35.2732903705687,28.151943269696186,7.121347100872508,0.0,5.395366853244887,4.557919968624504,0.8374468846203806,50000
361000,0.65705,176,0.05,35.2732903705687,28.151943269696186,7.121347100872508,0.0,21.417859162617738,17.06163929818518,4.356219864432555,50000
362000,0.6561,177,0.05,35.10300578897622,27.867984421526366,7.235021367449842,0.0,4.208833739522614,3.438159203109877,0.7706745364127344,50000
363000,0.65515,177,0.05,35.10300578897622,27.867984421526366,7.235021367449842,0.0,20.997596796604892,16.607299499894282,4.390297296710623,50000
364000,0.6542,178,0.05,34.98020369253354,27.816715523069753,7.163488169463785,0.0,3.717704301287291,3.241646983640994,0.47605731764629733,50000
365000,0.65325,178,0.05,34.98020369253354,27.816715523069753,7.163488169463785,0.0,21.329154374004275,18.051611290680047,3.277543083324198,50000
366000,0.6523000000000001,179,0.05,35.26307577825996,28.28841835046223,6.974657427797739,0.0,1.9996335696588272,1.5466240026162175,0.4530095670426093,50000
367000,0.6513500000000001,179,0.05,35.26307577825996,28.28841835046223,6.974657427797739,0.0,19.799030833076614,14.84780616702444,4.951224666052158,50000
368000,0.6504000000000001,180,0.05,35.305903601976674,28.254810256747817,7.051093345228859,0.0,1.3247835766966165,1.1220051686566526,0.2027784080399643,50000
369000,0.6494500000000001,180,0.05,35.305903601976674,28.254810256747817,7.051093345228859,0.0,21.960474374424777,17.870055136365796,4.090419238059029,50000
370000,0.6485000000000001,181,0.05,35.57350641914448,28.580828798487204,6.992677620657277,0.0,0.030730246589720706,0.030730246589720706,0.0,50000
371000,0.6475500000000001,181,0.05,35.57350641914448,28.580828798487204,6.992677620657277,1.0,20.547167056585533,15.310413028034493,5.236754028551083,50000
372000,0.6466000000000001,181,0.05,35.57350641914448,28.580828798487204,6.992677620657277,1.0,36.35739644550538,27.246544993441113,9.110851452064278,50000
373000,0.6456500000000001,182,0.1,35.66150068554521,28.564729027086663,7.0967716584585485,0.0,17.849369811137255,14.77045002836787,3.078919782769378,50000
374000,0.6447,182,0.1,35.66150068554521,28.564729027086663,7.0967716584585485,1.0,32.696647228452626,26.60247950445809,6.094167723994587,50000
375000,0.64375,183,0.15,35.881359008010755,28.802640339209642,7.078718668801119,1.0,16.773199504190423,12.664919604605284,4.108279899585151,50000
376000,0.6428,183,0.15,35.881359008010755,28.802640339209642,7.078718668801119,1.0,33.66217726620618,25.801772753804535,7.860404512401631,50000
377000,0.64185,184,0.2,36.039913094291116,28.77339896566378,7.266514128627341,0.0,18.467076448768214,15.42788229239836,3.039194156369852,50000
378000,0.6409,184,0.2,36.039913094291116,28.77339896566378,7.266514128627341,0.0,35.043880966823465,27.48494311097626,7.558937855847238,50000
379000,0.63995,185,0.2,35.879226049557076,28.5371510709375,7.342074978619584,0.0,13.76804688415385,10.14733409388983,3.6207127902640215,50000
380000,0.639,185,0.2,35.879226049557076,28.5371510709375,7.342074978619584,0.0,30.175210959012695,22.081875232134994,8.093335726877754,50000
