step,epsilon,episodes,avg_ext_20ep,avg_intr_20ep,avg_state_intr_20ep,avg_vae_loss_20ep,avg_vae_recon_20ep,avg_vae_kl_20ep,current_ep_ext,current_ep_intr,current_ep_state_intr,current_ep_vae_loss,current_ep_vae_recon,current_ep_vae_kl,replay_size
1000,0.99905,0,0.0,0.0,0.0,nan,nan,nan,0.0,0.2632937475432105,0.2632937475432105,0.0007291772053577006,0.0006892015808261931,0.039975639432668686,1000
2000,0.9981,0,0.0,0.0,0.0,nan,nan,nan,0.0,0.3941333353364718,0.3941333353364718,0.0005598462303169072,0.0005410254816524684,0.01882075145840645,2000
3000,0.99715,1,0.0,0.39955260992394526,0.39955260992394526,0.0006374175427481532,0.0006193019216880202,0.01811564899981022,0.0,0.10874035474277027,0.10874035474277027,0.00048745895037427545,0.0004746925551444292,0.012766392901539803,3000
4000,0.9962,1,0.0,0.39955260992394526,0.39955260992394526,0.0006374175427481532,0.0006193019216880202,0.01811564899981022,0.0,0.21776302229556815,0.21776302229556815,0.000598245533183217,0.0005885686841793358,0.009676853194832802,4000
5000,0.99525,2,0.0,0.31330746607634885,0.31330746607634885,0.0005826000706292689,0.0005690711550414562,0.013528933748602867,0.0,0.09693724405420784,0.09693724405420784,0.0005227357032708824,0.0005145005998201668,0.008235090412199497,5000
6000,0.9943,2,0.0,0.31330746607634885,0.31330746607634885,0.0005826000706292689,0.0005690711550414562,0.013528933748602867,0.0,0.1980385930591849,0.1980385930591849,0.0004844412615057081,0.0004767930950038135,0.00764816626906395,6000
7000,0.99335,3,0.0,0.27994288389219596,0.27994288389219596,0.0005784728758347532,0.000566940502418826,0.011532383039593697,0.0,0.08430912041870185,0.08430912041870185,0.00047140411334112287,0.0004641542909666896,0.007249812129884958,7000
8000,0.9924,3,0.0,0.27994288389219596,0.27994288389219596,0.0005784728758347532,0.000566940502418826,0.011532383039593697,0.0,0.1797630260971701,0.1797630260971701,0.0004929492133669555,0.00048581723240204155,0.007131981663405895,8000
9000,0.99145,4,0.0,0.25896414635886644,0.25896414635886644,0.0005694754509022459,0.0005590741784544662,0.010401286650449038,0.0,0.07756825357395253,0.07756825357395253,0.0005184265319257975,0.0005115587846376002,0.006867731921374798,9000
10000,0.9905,4,0.0,0.25896414635886644,0.25896414635886644,0.0005694754509022459,0.0005590741784544662,0.010401286650449038,0.0,0.168365871680318,0.168365871680318,0.0005050383624620736,0.0004976991913281381,0.007339164149016142,10000
11000,0.98955,5,0.0,0.24538803205677628,0.24538803205677628,0.0005560408812016248,0.0005463759996928274,0.009664897993206977,0.0,0.06901925541086414,0.06901925541086414,0.00048278021859005094,0.0004762102907989174,0.00656993268057704,11000
12000,0.9886,5,0.0,0.24538803205677628,0.24538803205677628,0.0005560408812016248,0.0005463759996928274,0.009664897993206977,0.0,0.15697661833083382,0.15697661833083382,0.0004478492774069309,0.0004413429123815149,0.006506357807666063,12000
13000,0.98765,6,0.0,0.2346754347645175,0.2346754347645175,0.0005447340615016097,0.0005355341224155078,0.009199953249966105,0.0,0.06173670559105321,0.06173670559105321,0.0005128303891979158,0.0005065058940090239,0.006324511952698231,13000
14000,0.9867,6,0.0,0.2346754347645175,0.2346754347645175,0.0005447340615016097,0.0005355341224155078,0.009199953249966105,0.0,0.1463119160401214,0.1463119160401214,0.0004551035526674241,0.0004486389516387135,0.006464600563049316,14000
15000,0.98575,7,0.0,0.2259262389516857,0.2259262389516857,0.0005479191271920822,0.0005391088447400502,0.008810297452977725,0.0,0.0547860907732181,0.0547860907732181,0.000514889950864017,0.0005085727316327393,0.006317217834293842,15000
16000,0.9848,7,0.0,0.2259262389516857,0.2259262389516857,0.0005479191271920822,0.0005391088447400502,0.008810297452977725,0.0,0.13950723395986472,0.13950723395986472,0.0004933576565235853,0.0004869856929872185,0.0063719856552779675,16000
17000,0.98385,8,0.0,0.21872230637483686,0.21872230637483686,0.0005508989015652332,0.0005424710034276359,0.008427911787293851,0.0,0.05211351044509689,0.05211351044509689,0.00041147173033095896,0.0004053977900184691,0.006073943804949522,17000
18000,0.9829,8,0.0,0.21872230637483686,0.21872230637483686,0.0005508989015652332,0.0005424710034276359,0.008427911787293851,0.0,0.12431424350915175,0.12431424350915175,0.000446262740297243,0.0004401504120323807,0.006112338975071907,18000
19000,0.98195,9,0.0,0.21168267111564026,0.21168267111564026,0.0005425738119002846,0.000534392275666404,0.008181549763927857,0.0,0.04415578952180686,0.04415578952180686,0.0004043895751237869,0.00039834584458731115,0.006043720990419388,19000
20000,0.981,9,0.0,0.21168267111564026,0.21168267111564026,0.0005425738119002846,0.000534392275666404,0.008181549763927857,0.0,0.12125595383582201,0.12125595383582201,0.0004101868253201246,0.00040460002492181957,0.005586789455264807,20000
21000,0.98005,10,0.0,0.20609418766089854,0.20609418766089854,0.0005424968141596765,0.00053458912007045,0.00790770691819489,0.0,0.04150851327850313,0.04150851327850313,0.000504828174598515,0.0004991220775991678,0.005706089548766613,21000
22000,0.9791,10,0.0,0.20609418766089854,0.20609418766089854,0.0005424968141596765,0.00053458912007045,0.00790770691819489,0.0,0.11227173623697975,0.11227173623697975,0.000495215761475265,0.00048993737436831,0.005278373137116432,22000
23000,0.97815,11,0.0,0.20088887890809295,0.20088887890809295,0.0005415052821097726,0.0005338050567925992,0.00770023808052594,0.0,0.03597488539645744,0.03597488539645744,0.0005049275932833552,0.0004998796503059566,0.005047970917075872,23000
24000,0.9772,11,0.0,0.20088887890809295,0.20088887890809295,0.0005415052821097726,0.0005338050567925992,0.00770023808052594,0.0,0.10483904589147154,0.10483904589147154,0.0004938268684782088,0.0004886422539129853,0.0051846276037395,24000
25000,0.97625,12,0.0,0.1960945941625146,0.1960945941625146,0.000539215524137641,0.000531719699210953,0.007495838566683233,0.0,0.030963596111537945,0.030963596111537945,0.00045820738887414336,0.00045339486678130925,0.004812526050955057,25000
26000,0.9753000000000001,12,0.0,0.1960945941625146,0.1960945941625146,0.000539215524137641,0.000531719699210953,0.007495838566683233,0.0,0.09997388099129258,0.09997388099129258,0.0004448331310413778,0.0004399830650072545,0.004850056953728199,26000
27000,0.97435,13,0.0,0.19155374081311263,0.19155374081311263,0.0005354244181384834,0.0005281337765224564,0.007290654887373631,0.0,0.02789546295670639,0.02789546295670639,0.000503630144521594,0.0004990106099285185,0.0046195173636078835,27000
28000,0.9734,13,0.0,0.19155374081311263,0.19155374081311263,0.0005354244181384834,0.0005281337765224564,0.007290654887373631,0.0,0.08995573008212047,0.08995573008212047,0.00044543520198203623,0.00044084872934035957,0.00458646472543478,28000
29000,0.97245,14,0.0,0.18706807874953005,0.18706807874953005,0.0005367195616210145,0.0005296366601084758,0.007082914933562279,0.0,0.023371045558779224,0.023371045558779224,0.0004904614179395139,0.00048588565550744534,0.004575738217681646,29000
30000,0.9715,14,0.0,0.18706807874953005,0.18706807874953005,0.0005367195616210145,0.0005296366601084758,0.007082914933562279,0.0,0.08490886976807499,0.08490886976807499,0.0004830962570849806,0.00047877864562906325,0.004317605867981911,30000
31000,0.97055,15,0.0,0.18291661425039532,0.18291661425039532,0.0005368080455809832,0.0005299179368497183,0.0068901216611266134,0.0,0.0203465854786485,0.0203465854786485,0.00048457144293934107,0.0004806642245966941,0.003907222766429186,31000
32000,0.9696,15,0.0,0.18291661425039532,0.18291661425039532,0.0005368080455809832,0.0005299179368497183,0.0068901216611266134,0.0,0.0797085691703737,0.0797085691703737,0.00044160152901895344,0.0004374716663733125,0.00412987545132637,32000
33000,0.96865,16,0.0,0.17903564198213284,0.17903564198213284,0.0005369593091018032,0.0005302563931763871,0.006702927246806212,0.0,0.01640972585767138,0.01640972585767138,0.00046363138244487345,0.000459889619378373,0.0037417623680084944,33000
34000,0.9677,16,0.0,0.17903564198213284,0.17903564198213284,0.0005369593091018032,0.0005302563931763871,0.006702927246806212,0.0,0.07519121128567173,0.07519121128567173,0.00045287833199836314,0.0004491323488764465,0.003745997091755271,34000
35000,0.96675,17,0.0,0.17545350632554596,0.17545350632554596,0.0005345316261381787,0.0005280145166633541,0.006517120349385282,0.0,0.013258300301870878,0.013258300301870878,0.00038968591252341866,0.0003859239222947508,0.003761998610571027,35000
36000,0.9658,17,0.0,0.17545350632554596,0.17545350632554596,0.0005345316261381787,0.0005280145166633541,0.006517120349385282,0.0,0.06927007293154139,0.06927007293154139,0.0004420045006554574,0.00043849056237377226,0.0035139417741447687,36000
37000,0.96485,18,0.0,0.17193302837662178,0.17193302837662178,0.0005307640498762743,0.0005244207034896439,0.006343356359543072,0.0,0.009800617137323922,0.009800617137323922,0.0004291110672056675,0.0004256598185747862,0.0034512486308813095,37000
38000,0.9639,18,0.0,0.17193302837662178,0.17193302837662178,0.0005307640498762743,0.0005244207034896439,0.006343356359543072,0.0,0.06552028466467241,0.06552028466467241,0.00040455508860759437,0.00040116344462148845,0.003391639795154333,38000
39000,0.96295,19,0.0,0.16882135172981158,0.16882135172981158,0.0005324043633759414,0.0005262250763878814,0.006179294928810314,0.0,0.0076114541713024324,0.0076114541713024324,0.0004719946882687509,0.000468805170385167,0.0031895150896161795,39000
40000,0.962,19,0.0,0.16882135172981158,0.16882135172981158,0.0005324043633759414,0.0005262250763878814,0.006179294928810314,0.0,0.06033799626568339,0.06033799626568339,0.0004901177017018199,0.0004869644180871546,0.0031532614957541227,40000
41000,0.96105,20,0.0,0.1657943372196223,0.1657943372196223,0.0005312740453518927,0.0005252539136563428,0.006020139122847467,0.0,0.004999537176501738,0.004999537176501738,0.0004951099399477243,0.0004921476938761771,0.0029622470028698444,41000
42000,0.9601,20,0.0,0.1657943372196223,0.1657943372196223,0.0005312740453518927,0.0005252539136563428,0.006020139122847467,0.0,0.0585075166817913,0.0585075166817913,0.0004692513612098992,0.0004663257859647274,0.0029255885165184736,42000
43000,0.95915,21,0.0,0.1512490198344876,0.1512490198344876,0.000524030884844251,0.0005187753602513112,0.005255532043520361,0.0,0.0026113363738269335,0.0026113363738269335,0.00042892558849416673,0.00042606217903085053,0.0028633957263082266,43000
44000,0.9582,21,0.0,0.1512490198344876,0.1512490198344876,0.000524030884844251,0.0005187753602513112,0.005255532043520361,0.0,0.05192996983533654,0.05192996983533654,0.0004369594971649349,0.00043408438796177506,0.0028751236386597157,44000
45000,0.95725,22,0.0,0.14489295632768145,0.14489295632768145,0.000521681558166165,0.0005167362294741906,0.004945335676893592,0.0,0.0007206922937479654,0.0007206922937479654,0.00048438910744152963,0.0004816796281374991,0.0027094671968370676,45000
46000,0.9563,22,0.0,0.14489295632768145,0.14489295632768145,0.000521681558166165,0.0005167362294741906,0.004945335676893592,0.0,0.051424174784592165,0.051424174784592165,0.0004584704583976418,0.00045583301107399166,0.002637437079101801,46000
47000,0.95535,22,0.0,0.14489295632768145,0.14489295632768145,0.000521681558166165,0.0005167362294741906,0.004945335676893592,0.0,0.10214719356651056,0.10214719356651056,0.0005526827881112695,0.0005501788109540939,0.0025039557367563248,47000
48000,0.9544,23,0.0,0.139416976454961,0.139416976454961,0.0005202488348004409,0.0005155492239282466,0.004699619056191295,0.0,0.04721129136725977,0.04721129136725977,0.0004925302346237004,0.0004899536143057048,0.0025766268372535706,48000
49000,0.95345,23,0.0,0.139416976454961,0.139416976454961,0.0005202488348004409,0.0005155492239282466,0.004699619056191295,0.0,0.09476923873346482,0.09476923873346482,0.000539330008905381,0.0005368481506593525,0.0024818498641252518,49000
50000,0.9525,24,0.0,0.1345676973366255,0.1345676973366255,0.0005176866034162231,0.0005132107718964108,0.004475839133374393,0.0,0.044896729426498014,0.044896729426498014,0.0004694563976954669,0.00046700038365088403,0.0024559996090829372,50000
51000,0.95155,24,0.0,0.1345676973366255,0.1345676973366255,0.0005176866034162231,0.0005132107718964108,0.004475839133374393,0.0,0.09327574871246472,0.09327574871246472,0.0005392576567828655,0.0005370148574002087,0.002242787042632699,50000
52000,0.9506,25,0.0,0.1300176167357094,0.1300176167357094,0.0005200236642849632,0.0005157655439688824,0.00425812640460208,0.0,0.04177244060115827,0.04177244060115827,0.0004321660380810499,0.0004297946288716048,0.002371407113969326,50000
53000,0.94965,25,0.0,0.1300176167357094,0.1300176167357094,0.0005200236642849632,0.0005157655439688824,0.00425812640460208,0.0,0.08997113658290329,0.08997113658290329,0.00046181390644051135,0.00045946991303935647,0.0023439915385097265,50000
54000,0.9487,26,0.0,0.1258873969957973,0.1258873969957973,0.0005217291589360684,0.0005176980179385282,0.004031148157082498,0.0,0.03992744364348977,0.03992744364348977,0.00047782587353140116,0.00047556194476783276,0.00226393761113286,50000
55000,0.94775,26,0.0,0.1258873969957973,0.1258873969957973,0.0005217291589360684,0.0005176980179385282,0.004031148157082498,0.0,0.08602928597784604,0.08602928597784604,0.0004838586028199643,0.00048159045400097966,0.0022681576665490866,50000
56000,0.9468,27,0.0,0.12203655353492404,0.12203655353492404,0.0005198948725592345,0.0005160761400475166,0.003818738996051252,0.0,0.0363588428026825,0.0363588428026825,0.0005195701378397644,0.0005174105754122138,0.0021595805883407593,50000
57000,0.94585,27,0.0,0.12203655353492404,0.12203655353492404,0.0005198948725592345,0.0005160761400475166,0.003818738996051252,0.0,0.08146542444776665,0.08146542444776665,0.0004902342916466296,0.00048803945537656546,0.002194809727370739,50000
58000,0.9449,28,0.0,0.11835115195207087,0.11835115195207087,0.0005179073166800662,0.0005142681635334157,0.0036391585716046395,0.0,0.03267381939776709,0.03267381939776709,0.0005032996996305883,0.0005011946195736527,0.002105091232806444,50000
59000,0.94395,28,0.0,0.11835115195207087,0.11835115195207087,0.0005179073166800662,0.0005142681635334157,0.0036391585716046395,0.0,0.07780457502182077,0.07780457502182077,0.000498285808134824,0.0004962264210917056,0.002059375401586294,50000
60000,0.9430000000000001,29,0.0,0.11518943067436822,0.11518943067436822,0.0005213746000663378,0.0005179431609576568,0.0034314438700675963,0.0,0.030462833427630887,0.030462833427630887,0.00045172637328505516,0.00044970415183342993,0.002022217959165573,50000
61000,0.94205,29,0.0,0.11518943067436822,0.11518943067436822,0.0005213746000663378,0.0005179431609576568,0.0034314438700675963,0.0,0.07558393624061409,0.07558393624061409,0.0004637210804503411,0.0004616633232217282,0.002057765144854784,50000
62000,0.9411,30,0.0,0.11199210453042736,0.11199210453042736,0.0005188971306779421,0.000515634220209904,0.003262914717197418,0.0,0.029005743927784183,0.029005743927784183,0.00048783671809360385,0.00048585463082417846,0.0019820837769657373,50000
63000,0.94015,30,0.0,0.11199210453042736,0.11199210453042736,0.0005188971306779421,0.000515634220209904,0.003262914717197418,0.0,0.07143522965008167,0.07143522965008167,0.00044324668124318123,0.00044128819718025625,0.0019584784749895334,50000
64000,0.9392,31,0.0,0.10907848777988591,0.10907848777988591,0.0005178641076781787,0.0005147879390278831,0.0030761715082917363,0.0,0.0269531089673514,0.0269531089673514,0.0004378994053695351,0.00043598352931439877,0.0019158705836161971,50000
65000,0.93825,31,0.0,0.10907848777988591,0.10907848777988591,0.0005178641076781787,0.0005147879390278831,0.0030761715082917363,0.0,0.0696862850345459,0.0696862850345459,0.0004364681662991643,0.00043462347821332514,0.00184469239320606,50000
66000,0.9373,32,0.0,0.10645203080054966,0.10645203080054966,0.0005173043100512587,0.0005143965594470501,0.002907751750899479,0.0,0.025324093421045468,0.025324093421045468,0.0004837232700083405,0.00048188038635998964,0.0018428913317620754,50000
67000,0.93635,32,0.0,0.10645203080054966,0.10645203080054966,0.0005173043100512587,0.0005143965594470501,0.002907751750899479,0.0,0.06932507550501998,0.06932507550501998,0.0004896062891930342,0.00048773176968097687,0.0018745147390291095,50000
68000,0.9354,33,0.0,0.10410779310804334,0.10410779310804334,0.0005182233071536757,0.000515462426119484,0.002760880719870329,0.0,0.02166782626249773,0.02166782626249773,0.0004270374483894557,0.0004251830105204135,0.0018544337945058942,50000
69000,0.93445,33,0.0,0.10410779310804334,0.10410779310804334,0.0005182233071536757,0.000515462426119484,0.002760880719870329,0.0,0.06546993401786887,0.06546993401786887,0.00044639414409175515,0.00044458862976171076,0.0018055062973871827,50000
70000,0.9335,34,0.0,0.10208985897125353,0.10208985897125353,0.0005169253723579459,0.0005142944632098079,0.00263090951484628,0.0,0.019348223318652828,0.019348223318652828,0.00041768807568587363,0.00041595203219912946,0.001736035686917603,50000
71000,0.93255,34,0.0,0.10208985897125353,0.10208985897125353,0.0005169253723579459,0.0005142944632098079,0.00263090951484628,0.0,0.06166174108410041,0.06166174108410041,0.0004799067392013967,0.00047816408914513886,0.0017426611157134175,50000
72000,0.9316,35,0.0,0.10011649754368149,0.10011649754368149,0.0005132856982527301,0.0005107769029564224,0.002508794912137091,0.0,0.01691349025086052,0.01691349025086052,0.000464078999357298,0.0004623815475497395,0.0016974392347037792,50000
73000,0.93065,35,0.0,0.10011649754368149,0.10011649754368149,0.0005132856982527301,0.0005107769029564224,0.002508794912137091,0.0,0.05758256065627947,0.05758256065627947,0.00043610724969767034,0.000434417073847726,0.0016901794588193297,50000
74000,0.9297,36,0.0,0.09823566361717848,0.09823566361717848,0.0005096407214296051,0.00050724236498354,0.0023983573424629866,0.0,0.016415971835977674,0.016415971835977674,0.0005161916487850249,0.0005144622991792858,0.0017293670680373907,50000
75000,0.92875,36,0.0,0.09823566361717848,0.09823566361717848,0.0005096407214296051,0.00050724236498354,0.0023983573424629866,0.0,0.05903962629650053,0.05903962629650053,0.0004687069449573755,0.00046707168803550303,0.0016352471429854631,50000
76000,0.9278,37,0.0,0.09671183199227582,0.09671183199227582,0.0005111757302074694,0.0005088748657726683,0.00230086634401232,0.0,0.013471544713585087,0.013471544713585087,0.00043019247823394835,0.0004285239556338638,0.0016685116570442915,50000
77000,0.92685,37,0.0,0.09671183199227582,0.09671183199227582,0.0005111757302074694,0.0005088748657726683,0.00230086634401232,0.0,0.05365487603462365,0.05365487603462365,0.00045194465201348066,0.0004503861418925226,0.0015585150104016066,50000
78000,0.9259,38,0.0,0.09526452964984267,0.09526452964984267,0.0005123350783833303,0.0005101238304632716,0.0022112500970251857,0.0,0.01166331370605316,0.01166331370605316,0.0004801592440344393,0.00047856566379778087,0.0015935695264488459,50000
79000,0.92495,38,0.0,0.09526452964984267,0.09526452964984267,0.0005123350783833303,0.0005101238304632716,0.0022112500970251857,0.0,0.05424986176473083,0.05424986176473083,0.00047102320240810513,0.00046941867913119495,0.0016045172233134508,50000
80000,0.924,39,0.0,0.09385366576564139,0.09385366576564139,0.0005092540741316043,0.0005071264095022343,0.002127666986780241,0.0,0.009645665983643676,0.009645665983643676,0.00048247442464344203,0.00048097988474182785,0.0014945542206987739,50000
81000,0.92305,39,0.0,0.09385366576564139,0.09385366576564139,0.0005092540741316043,0.0005071264095022343,0.002127666986780241,0.0,0.04946868709447702,0.04946868709447702,0.0004667406901717186,0.0004651729541365057,0.0015677474439144135,50000
