step,epsilon,episodes,avg_ext_20ep,avg_intr_20ep,avg_state_intr_20ep,current_ep_ext,current_ep_intr,current_ep_state_intr,replay_size
1000,0.9901,0,0.0,0.0,0.0,0.0,156.33760902428222,156.33760902428222,1000
2000,0.9802,0,0.0,0.0,0.0,0.0,245.43050741768528,245.43050741768528,2000
3000,0.9703,1,0.0,248.80872005955766,248.80872005955766,0.0,69.40531533002937,69.40531533002937,3000
4000,0.9604,1,0.0,248.80872005955766,248.80872005955766,0.0,131.3710556645472,131.3710556645472,4000
5000,0.9505,2,0.0,192.6276396560462,192.6276396560462,0.0,83.01590069779768,83.01590069779768,5000
6000,0.9406,2,0.0,192.6276396560462,192.6276396560462,0.0,144.1922108291913,144.1922108291913,6000
7000,0.9307,3,0.0,179.09181278120786,179.09181278120786,0.0,44.51030492823497,44.51030492823497,7000
8000,0.9208,3,0.0,179.09181278120786,179.09181278120786,0.0,90.06990655320182,90.06990655320182,8000
9000,0.9109,4,0.0,158.8295201226092,158.8295201226092,0.0,59.021744120030505,59.021744120030505,9000
10000,0.901,4,0.0,158.8295201226092,158.8295201226092,0.0,111.01829133260405,111.01829133260405,10000
11000,0.8911,5,0.0,151.36965126632163,151.36965126632163,0.0,33.528027449545384,33.528027449545384,11000
12000,0.8812,5,0.0,151.36965126632163,151.36965126632163,0.0,73.92301152442289,73.92301152442289,12000
13000,0.8713,6,0.0,140.18585377720265,140.18585377720265,0.0,26.228963531702274,26.228963531702274,13000
14000,0.8613999999999999,6,0.0,140.18585377720265,140.18585377720265,0.0,61.38100615159736,61.38100615159736,14000
15000,0.8515,7,0.0,130.71253286766157,130.71253286766157,0.0,32.126362759377194,32.126362759377194,15000
16000,0.8416,7,0.0,130.71253286766157,130.71253286766157,0.0,70.36170879613684,70.36170879613684,16000
17000,0.8317,8,0.0,124.8152129958662,124.8152129958662,0.0,23.972161470462773,23.972161470462773,17000
18000,0.8218,8,0.0,124.8152129958662,124.8152129958662,0.0,56.33136447100582,56.33136447100582,18000
19000,0.8119000000000001,9,0.0,118.66131262396412,118.66131262396412,0.0,24.51386128674642,24.51386128674642,19000
20000,0.802,9,0.0,118.66131262396412,118.66131262396412,0.0,59.65170554326592,59.65170554326592,20000
21000,0.7921,10,0.0,114.43161236818051,114.43161236818051,0.0,19.872285691048546,19.872285691048546,21000
22000,0.7822,10,0.0,114.43161236818051,114.43161236818051,0.0,49.20833315185435,49.20833315185435,22000
23000,0.7723,11,0.0,109.75065373521194,109.75065373521194,0.0,25.021662133013653,25.021662133013653,23000
24000,0.7624,11,0.0,109.75065373521194,109.75065373521194,0.0,60.9781117511043,60.9781117511043,24000
25000,0.7525,12,0.0,107.14351484585494,107.14351484585494,0.0,17.0101035625148,17.0101035625148,25000
26000,0.7425999999999999,12,0.0,107.14351484585494,107.14351484585494,0.0,47.28039106822968,47.28039106822968,26000
27000,0.7326999999999999,13,0.0,104.1165121922937,104.1165121922937,0.0,17.964952366615176,17.964952366615176,27000
28000,0.7228,13,0.0,104.1165121922937,104.1165121922937,0.0,50.931477482188484,50.931477482188484,28000
29000,0.7129000000000001,14,0.0,101.6346571647729,101.6346571647729,0.0,10.51973042909828,10.51973042909828,29000
30000,0.7030000000000001,14,0.0,101.6346571647729,101.6346571647729,0.0,37.96631707135601,37.96631707135601,30000
31000,0.6931,15,0.0,98.65099533729014,98.65099533729014,0.0,9.647445817211866,9.647445817211866,31000
32000,0.6832,15,0.0,98.65099533729014,98.65099533729014,0.0,35.85312931202064,35.85312931202064,32000
33000,0.6733,16,0.0,95.95959013612364,95.95959013612364,0.0,8.820180560386385,8.820180560386385,33000
34000,0.6634,16,0.0,95.95959013612364,95.95959013612364,0.0,34.96450087381527,34.96450087381527,34000
35000,0.6535,17,0.0,93.59285442826364,93.59285442826364,0.0,7.0603750472969935,7.0603750472969935,35000
36000,0.6436,17,0.0,93.59285442826364,93.59285442826364,0.0,33.700167585404756,33.700167585404756,36000
37000,0.6336999999999999,18,0.0,91.33714593697295,91.33714593697295,0.0,7.771320897392203,7.771320897392203,37000
38000,0.6238,18,0.0,91.33714593697295,91.33714593697295,0.0,34.61724019171069,34.61724019171069,38000
39000,0.6139,19,0.0,89.44327753896809,89.44327753896809,0.0,6.261722916975305,6.261722916975305,39000
40000,0.604,19,0.0,89.44327753896809,89.44327753896809,0.0,32.30372308898053,32.30372308898053,40000
41000,0.5941000000000001,20,0.05,87.80827835070724,87.80827835070724,0.0,9.448203733459488,9.448203733459488,41000
42000,0.5842,20,0.05,87.80827835070724,87.80827835070724,0.0,52.6577930441306,52.6577930441306,42000
43000,0.5743,21,0.05,79.54806848834535,79.54806848834535,0.0,3.615708935509188,3.615708935509188,43000
44000,0.5644,21,0.05,79.54806848834535,79.54806848834535,1.0,33.48245685658781,33.48245685658781,44000
45000,0.5545,22,0.1,75.63050627594535,75.63050627594535,0.0,1.621111176413513,1.621111176413513,45000
46000,0.5446,22,0.1,75.63050627594535,75.63050627594535,1.0,38.12519857278806,38.12519857278806,46000
47000,0.5347,23,0.15,71.39686153976335,71.39686153976335,0.0,0.0,0.0,47000
48000,0.5248,23,0.15,71.39686153976335,71.39686153976335,0.0,28.358179907996064,28.358179907996064,48000
49000,0.5149,23,0.15,71.39686153976335,71.39686153976335,0.0,50.81790480639627,50.81790480639627,49000
50000,0.505,24,0.15,69.08337426897246,69.08337426897246,0.0,25.872025633498726,25.872025633498726,50000
51000,0.4951,24,0.15,69.08337426897246,69.08337426897246,1.0,52.17496514130865,52.17496514130865,50000
52000,0.48519999999999996,25,0.2,65.72127099932018,65.72127099932018,1.0,32.64420721945048,32.64420721945048,50000
53000,0.47529999999999994,25,0.2,65.72127099932018,65.72127099932018,1.0,61.54663207198233,61.54663207198233,50000
54000,0.4653999999999999,26,0.25,64.76273621339486,64.76273621339486,1.0,24.86892749320418,24.86892749320418,50000
55000,0.4555,26,0.25,64.76273621339486,64.76273621339486,1.0,49.00652513824808,49.00652513824808,50000
56000,0.4456,27,0.3,63.71168513599741,63.71168513599741,1.0,18.582413019799812,18.582413019799812,50000
57000,0.4357000000000001,27,0.3,63.71168513599741,63.71168513599741,3.0,41.97183367480306,41.97183367480306,50000
58000,0.42580000000000007,28,0.45,61.918467574525266,61.918467574525266,1.0,18.263810911413334,18.263810911413334,50000
59000,0.41590000000000005,28,0.45,61.918467574525266,61.918467574525266,2.0,42.01092571240581,42.01092571240581,50000
60000,0.406,29,0.55,60.84000568871776,60.84000568871776,2.0,26.445165595070236,26.445165595070236,50000
61000,0.3961,29,0.55,60.84000568871776,60.84000568871776,4.0,56.14465468563995,56.14465468563995,50000
62000,0.3862,30,0.75,60.26851750980181,60.26851750980181,2.0,19.922176968802596,19.922176968802596,50000
63000,0.37629999999999997,30,0.75,60.26851750980181,60.26851750980181,3.0,47.78801006341622,47.78801006341622,50000
64000,0.36639999999999995,31,0.95,60.02003226512271,60.02003226512271,1.0,22.70396101778649,22.70396101778649,50000
65000,0.35650000000000004,31,0.95,60.02003226512271,60.02003226512271,4.0,49.973160769738875,49.973160769738875,50000
66000,0.3466,32,1.15,59.07503431912674,59.07503431912674,1.0,14.275027446731501,14.275027446731501,50000
67000,0.3367,32,1.15,59.07503431912674,59.07503431912674,4.0,39.041414396481166,39.041414396481166,50000
68000,0.3268,33,1.4,58.19616722172515,58.19616722172515,1.0,16.024786894175428,16.024786894175428,50000
69000,0.31690000000000007,33,1.4,58.19616722172515,58.19616722172515,3.0,40.92911380038531,40.92911380038531,50000
70000,0.30700000000000005,34,1.65,57.336990514353715,57.336990514353715,2.0,14.798711252985594,14.798711252985594,50000
71000,0.29710000000000003,34,1.65,57.336990514353715,57.336990514353715,5.0,40.50190360503398,40.50190360503398,50000
72000,0.2872,35,1.95,57.12085766457714,57.12085766457714,1.0,11.255768531549867,11.255768531549867,50000
73000,0.2773,35,1.95,57.12085766457714,57.12085766457714,4.0,33.58086933801672,33.58086933801672,50000
74000,0.26739999999999997,36,2.2,56.66240981851918,56.66240981851918,1.0,11.113310056530935,11.113310056530935,50000
75000,0.25750000000000006,36,2.2,56.66240981851918,56.66240981851918,1.0,33.18997202989559,33.18997202989559,50000
76000,0.24760000000000004,37,2.4,56.16129025740413,56.16129025740413,1.0,10.027639851350987,10.027639851350987,50000
77000,0.23770000000000002,37,2.4,56.16129025740413,56.16129025740413,3.0,32.185233322260245,32.185233322260245,50000
78000,0.2278,38,2.65,55.92561357725848,55.92561357725848,0.0,8.040277799443269,8.040277799443269,50000
79000,0.21789999999999998,38,2.65,55.92561357725848,55.92561357725848,2.0,29.83989113235162,29.83989113235162,50000
80000,0.20799999999999996,39,2.85,55.42250991265405,55.42250991265405,2.0,5.948710198969314,5.948710198969314,50000
81000,0.19809999999999994,39,2.85,55.42250991265405,55.42250991265405,4.0,26.04335937247095,26.04335937247095,50000
82000,0.18820000000000003,40,3.25,54.58708187380457,54.58708187380457,0.0,7.413425671992993,7.413425671992993,50000
83000,0.17830000000000001,40,3.25,54.58708187380457,54.58708187380457,4.0,36.95817712422118,36.95817712422118,50000
84000,0.1684,41,3.65,53.37651662145841,53.37651662145841,0.0,7.711282782251385,7.711282782251385,50000
85000,0.15849999999999997,41,3.65,53.37651662145841,53.37651662145841,5.0,30.77607299912246,30.77607299912246,50000
86000,0.14860000000000007,42,4.05,52.89511722905506,52.89511722905506,0.0,3.181178800054886,3.181178800054886,50000
87000,0.13870000000000005,42,4.05,52.89511722905506,52.89511722905506,6.0,21.899704794482272,21.899704794482272,50000
88000,0.12880000000000003,43,4.45,51.55107533642157,51.55107533642157,0.0,3.943467716606746,3.943467716606746,50000
89000,0.1189,43,4.45,51.55107533642157,51.55107533642157,5.0,29.872148467940633,29.872148467940633,50000
90000,0.10899999999999999,44,5.05,51.61370392279937,51.61370392279937,0.0,3.314560001562885,3.314560001562885,50000
91000,0.09909999999999997,44,5.05,51.61370392279937,51.61370392279937,7.0,27.18277703563369,27.18277703563369,50000
92000,0.08919999999999995,45,5.7,51.315081249064484,51.315081249064484,0.0,0.9999523454314929,0.9999523454314929,50000
93000,0.07929999999999993,45,5.7,51.315081249064484,51.315081249064484,6.0,23.56141352201584,23.56141352201584,50000
94000,0.06940000000000002,45,5.7,51.315081249064484,51.315081249064484,15.0,43.270022072482874,43.270022072482874,50000
95000,0.0595,46,6.4,50.235712476325936,50.235712476325936,5.0,24.082592239895114,24.082592239895114,50000
96000,0.04960000000000009,46,6.4,50.235712476325936,50.235712476325936,11.0,45.29620627745503,45.29620627745503,50000
97000,0.03970000000000007,47,6.95,49.91873687596475,49.91873687596475,8.0,19.703619096944553,19.703619096944553,50000
98000,0.02980000000000005,47,6.95,49.91873687596475,49.91873687596475,17.0,38.179908287028795,38.179908287028795,50000
99000,0.01990000000000003,48,7.65,49.56546299000406,49.56546299000406,9.0,16.586686960915397,16.586686960915397,50000
100000,0.010000000000000009,48,7.65,49.56546299000406,49.56546299000406,18.0,35.48930908090243,35.48930908090243,50000
101000,0.010000000000000009,49,8.45,49.11117578395182,49.11117578395182,5.0,21.43338119659481,21.43338119659481,50000
102000,0.010000000000000009,49,8.45,49.11117578395182,49.11117578395182,12.0,43.49079849135072,43.49079849135072,50000
103000,0.010000000000000009,50,8.95,48.273738193057206,48.273738193057206,7.0,16.394982323805607,16.394982323805607,50000
104000,0.010000000000000009,50,8.95,48.273738193057206,48.273738193057206,16.0,34.33710031956594,34.33710031956594,50000
105000,0.010000000000000009,51,9.6,47.30865895671617,47.30865895671617,6.0,18.870169804484995,18.870169804484995,50000
106000,0.010000000000000009,51,9.6,47.30865895671617,47.30865895671617,14.0,39.83719630319078,39.83719630319078,50000
107000,0.010000000000000009,52,10.2,46.601553671483885,46.601553671483885,6.0,14.887603763371455,14.887603763371455,50000
108000,0.010000000000000009,52,10.2,46.601553671483885,46.601553671483885,14.0,34.06073006905343,34.06073006905343,50000
109000,0.010000000000000009,53,10.75,46.090113799801884,46.090113799801884,5.0,11.763050471658463,11.763050471658463,50000
110000,0.010000000000000009,53,10.75,46.090113799801884,46.090113799801884,13.0,27.545841901702197,27.545841901702197,50000
111000,0.010000000000000009,54,11.3,45.19424232020203,45.19424232020203,7.0,10.221530976667282,10.221530976667282,50000
112000,0.010000000000000009,54,11.3,45.19424232020203,45.19424232020203,17.0,26.243666246013152,26.243666246013152,50000
113000,0.010000000000000009,55,12.0,44.339765900543696,44.339765900543696,4.0,16.73657112746584,16.73657112746584,50000
114000,0.010000000000000009,55,12.0,44.339765900543696,44.339765900543696,13.0,44.60667887601558,44.60667887601558,50000
115000,0.010000000000000009,56,12.7,44.839972700547435,44.839972700547435,6.0,14.091250897080362,14.091250897080362,50000
116000,0.010000000000000009,56,12.7,44.839972700547435,44.839972700547435,13.0,35.31305610862924,35.31305610862924,50000
117000,0.010000000000000009,57,13.35,44.81664584545392,44.81664584545392,4.0,10.20517323495642,10.20517323495642,50000
118000,0.010000000000000009,57,13.35,44.81664584545392,44.81664584545392,12.0,28.560453027265556,28.560453027265556,50000
119000,0.010000000000000009,58,13.95,44.38997434162893,44.38997434162893,3.0,10.930756166357114,10.930756166357114,50000
120000,0.010000000000000009,58,13.95,44.38997434162893,44.38997434162893,12.0,31.903487976443735,31.903487976443735,50000
121000,0.010000000000000009,59,14.6,44.32432799057692,44.32432799057692,4.0,11.941618656775516,11.941618656775516,50000
122000,0.010000000000000009,59,14.6,44.32432799057692,44.32432799057692,14.0,31.172668136701336,31.172668136701336,50000
123000,0.010000000000000009,60,15.2,44.51460444544763,44.51460444544763,2.0,9.973213726163944,9.973213726163944,50000
124000,0.010000000000000009,60,15.2,44.51460444544763,44.51460444544763,11.0,30.891691210596985,30.891691210596985,50000
125000,0.010000000000000009,61,15.75,43.7126237857044,43.7126237857044,3.0,7.756289345249033,7.756289345249033,50000
126000,0.010000000000000009,61,15.75,43.7126237857044,43.7126237857044,12.0,25.779976365146986,25.779976365146986,50000
127000,0.010000000000000009,62,16.25,43.200451794416864,43.200451794416864,4.0,4.0522460342611755,4.0522460342611755,50000
128000,0.010000000000000009,62,16.25,43.200451794416864,43.200451794416864,12.0,19.76949519676944,19.76949519676944,50000
129000,0.010000000000000009,63,16.8,42.834499921469146,42.834499921469146,1.0,3.0555640596548783,3.0555640596548783,50000
130000,0.010000000000000009,63,16.8,42.834499921469146,42.834499921469146,12.0,18.240171152629614,18.240171152629614,50000
131000,0.010000000000000009,64,17.2,41.782021472293465,41.782021472293465,1.0,4.520014270173359,4.520014270173359,50000
132000,0.010000000000000009,64,17.2,41.782021472293465,41.782021472293465,12.0,25.037091474269378,25.037091474269378,50000
133000,0.010000000000000009,65,17.55,41.474268100153125,41.474268100153125,0.0,4.80150913562586,4.80150913562586,50000
134000,0.010000000000000009,65,17.55,41.474268100153125,41.474268100153125,10.0,25.791633440853264,25.791633440853264,50000
135000,0.010000000000000009,66,17.75,41.42053338453385,41.42053338453385,0.0,1.8806870054322786,1.8806870054322786,50000
136000,0.010000000000000009,66,17.75,41.42053338453385,41.42053338453385,9.0,24.096502687672153,24.096502687672153,50000
137000,0.010000000000000009,67,18.1,41.27569378252189,41.27569378252189,0.0,1.1935819809684398,1.1935819809684398,50000
138000,0.010000000000000009,67,18.1,41.27569378252189,41.27569378252189,11.0,21.834749537050538,21.834749537050538,50000
139000,0.010000000000000009,67,18.1,41.27569378252189,41.27569378252189,22.0,41.23672694267362,41.23672694267362,50000
140000,0.010000000000000009,68,18.35,41.32599739654888,41.32599739654888,8.0,17.510877128533892,17.510877128533892,50000
141000,0.010000000000000009,68,18.35,41.32599739654888,41.32599739654888,16.0,35.07812529992317,35.07812529992317,50000
142000,0.010000000000000009,69,18.3,41.20117748173986,41.20117748173986,9.0,23.20435040184513,23.20435040184513,50000
143000,0.010000000000000009,69,18.3,41.20117748173986,41.20117748173986,19.0,40.00024618990698,40.00024618990698,50000
144000,0.010000000000000009,70,18.65,40.88050491466937,40.88050491466937,9.0,17.30025373185109,17.30025373185109,50000
145000,0.010000000000000009,70,18.65,40.88050491466937,40.88050491466937,20.0,33.68786604683692,33.68786604683692,50000
146000,0.010000000000000009,71,18.85,40.776398660322954,40.776398660322954,8.0,20.65592454229117,20.65592454229117,50000
147000,0.010000000000000009,71,18.85,40.776398660322954,40.776398660322954,19.0,42.38527123900532,42.38527123900532,50000
148000,0.010000000000000009,72,19.1,40.81596867700004,40.81596867700004,7.0,16.65604331870242,16.65604331870242,50000
149000,0.010000000000000009,72,19.1,40.81596867700004,40.81596867700004,17.0,33.363163645871246,33.363163645871246,50000
150000,0.010000000000000009,73,19.3,40.67967033963488,40.67967033963488,7.0,15.088061309100512,15.088061309100512,50000
151000,0.010000000000000009,73,19.3,40.67967033963488,40.67967033963488,17.0,33.15731437155834,33.15731437155834,50000
152000,0.010000000000000009,74,19.5,40.87022920953331,40.87022920953331,6.0,15.783813007588995,15.783813007588995,50000
153000,0.010000000000000009,74,19.5,40.87022920953331,40.87022920953331,13.0,33.62729775321934,33.62729775321934,50000
154000,0.010000000000000009,75,19.3,41.03011745346107,41.03011745346107,6.0,14.445536493880732,14.445536493880732,50000
155000,0.010000000000000009,75,19.3,41.03011745346107,41.03011745346107,15.0,31.72037796183076,31.72037796183076,50000
156000,0.010000000000000009,76,19.35,40.10637183875458,40.10637183875458,7.0,10.786786611292767,10.786786611292767,50000
157000,0.010000000000000009,76,19.35,40.10637183875458,40.10637183875458,20.0,26.03360132644036,26.03360132644036,50000
158000,0.010000000000000009,77,19.75,39.49884882737325,39.49884882737325,6.0,13.454670745885707,13.454670745885707,50000
159000,0.010000000000000009,77,19.75,39.49884882737325,39.49884882737325,17.0,33.711628091764695,33.711628091764695,50000
160000,0.010000000000000009,78,19.9,39.65126174801851,39.65126174801851,6.0,9.352863845657438,9.352863845657438,50000
161000,0.010000000000000009,78,19.9,39.65126174801851,39.65126174801851,16.0,25.79722572218171,25.79722572218171,50000
162000,0.010000000000000009,79,20.1,39.148366314759166,39.148366314759166,7.0,7.922218176320931,7.922218176320931,50000
163000,0.010000000000000009,79,20.1,39.148366314759166,39.148366314759166,16.0,22.68893895307492,22.68893895307492,50000
164000,0.010000000000000009,80,20.1,38.53280224538835,38.53280224538835,6.0,11.401229110463156,11.401229110463156,50000
165000,0.010000000000000009,80,20.1,38.53280224538835,38.53280224538835,16.0,28.447338962569876,28.447338962569876,50000
166000,0.010000000000000009,81,20.2,38.279799004749506,38.279799004749506,4.0,8.939457381580604,8.939457381580604,50000
167000,0.010000000000000009,81,20.2,38.279799004749506,38.279799004749506,15.0,26.878661726906028,26.878661726906028,50000
168000,0.010000000000000009,82,20.25,38.26154669075622,38.26154669075622,4.0,12.137579977190539,12.137579977190539,50000
169000,0.010000000000000009,82,20.25,38.26154669075622,38.26154669075622,16.0,29.09274909716958,29.09274909716958,50000
170000,0.010000000000000009,83,20.4,38.62086924576148,38.62086924576148,3.0,7.061656727927828,7.061656727927828,50000
171000,0.010000000000000009,83,20.4,38.62086924576148,38.62086924576148,12.0,22.461966722683794,22.461966722683794,50000
172000,0.010000000000000009,84,20.4,38.66846274981725,38.66846274981725,4.0,3.8420119107209896,3.8420119107209896,50000
173000,0.010000000000000009,84,20.4,38.66846274981725,38.66846274981725,13.0,18.818230378378146,18.818230378378146,50000
174000,0.010000000000000009,85,20.3,38.06433893904132,38.06433893904132,2.0,6.265600736721517,6.265600736721517,50000
175000,0.010000000000000009,85,20.3,38.06433893904132,38.06433893904132,11.0,25.84727420117393,25.84727420117393,50000
176000,0.010000000000000009,86,20.3,37.99063743758265,37.99063743758265,2.0,5.260746246564982,5.260746246564982,50000
177000,0.010000000000000009,86,20.3,37.99063743758265,37.99063743758265,13.0,20.913929434389868,20.913929434389868,50000
178000,0.010000000000000009,87,20.35,37.46604515978348,37.46604515978348,0.0,3.4358215908878673,3.4358215908878673,50000
179000,0.010000000000000009,87,20.35,37.46604515978348,37.46604515978348,10.0,19.12885376886552,19.12885376886552,50000
180000,0.010000000000000009,88,20.2,37.142690241532655,37.142690241532655,1.0,1.8415922716837376,1.8415922716837376,50000
181000,0.010000000000000009,88,20.2,37.142690241532655,37.142690241532655,11.0,17.691523773764505,17.691523773764505,50000
182000,0.010000000000000009,89,20.45,36.97029354813107,36.97029354813107,1.0,1.2776687113761784,1.2776687113761784,50000
183000,0.010000000000000009,89,20.45,36.97029354813107,36.97029354813107,9.0,20.849691889087808,20.849691889087808,50000
184000,0.010000000000000009,90,20.4,36.76702034972611,36.76702034972611,0.0,0.7267114161142809,0.7267114161142809,50000
185000,0.010000000000000009,90,20.4,36.76702034972611,36.76702034972611,7.0,21.83435454608095,21.83435454608095,50000
186000,0.010000000000000009,90,20.4,36.76702034972611,36.76702034972611,16.0,39.61868942793076,39.61868942793076,50000
187000,0.010000000000000009,91,20.15,36.95264736983463,36.95264736983463,9.0,16.49042103195474,16.49042103195474,50000
188000,0.010000000000000009,91,20.15,36.95264736983463,36.95264736983463,21.0,31.32582425921799,31.32582425921799,50000
189000,0.010000000000000009,92,20.2,36.277475881800335,36.277475881800335,8.0,17.07612876232652,17.07612876232652,50000
190000,0.010000000000000009,92,20.2,36.277475881800335,36.277475881800335,21.0,31.26424824180218,31.26424824180218,50000
191000,0.010000000000000009,93,20.3,36.0653529106355,36.0653529106355,9.0,16.057591902729204,16.057591902729204,50000
192000,0.010000000000000009,93,20.3,36.0653529106355,36.0653529106355,19.0,32.08766848543109,32.08766848543109,50000
193000,0.010000000000000009,94,20.3,35.89755512262756,35.89755512262756,7.0,20.188284282330383,20.188284282330383,50000
194000,0.010000000000000009,94,20.3,35.89755512262756,35.89755512262756,18.0,36.78775480591688,36.78775480591688,50000
195000,0.010000000000000009,95,20.4,35.99358684935317,35.99358684935317,8.0,14.211139965073261,14.211139965073261,50000
196000,0.010000000000000009,95,20.4,35.99358684935317,35.99358684935317,19.0,29.520374693373366,29.520374693373366,50000
197000,0.010000000000000009,96,20.45,35.75363896139599,35.75363896139599,8.0,13.131307468399486,13.131307468399486,50000
198000,0.010000000000000009,96,20.45,35.75363896139599,35.75363896139599,16.0,29.77529359719859,29.77529359719859,50000
199000,0.010000000000000009,97,20.2,35.86310086734619,35.86310086734619,7.0,15.456870070308382,15.456870070308382,50000
200000,0.010000000000000009,97,20.2,35.86310086734619,35.86310086734619,16.0,32.94737622932258,32.94737622932258,50000
201000,0.010000000000000009,98,20.15,35.641243520995516,35.641243520995516,6.0,14.83574252762681,14.83574252762681,50000
202000,0.010000000000000009,98,20.15,35.641243520995516,35.641243520995516,15.0,30.568127962341283,30.568127962341283,50000
203000,0.010000000000000009,99,19.95,35.76669275793007,35.76669275793007,5.0,12.211528629463507,12.211528629463507,50000
204000,0.010000000000000009,99,19.95,35.76669275793007,35.76669275793007,14.0,28.65751079518666,28.65751079518666,50000
205000,0.010000000000000009,100,19.75,35.95202114185291,35.95202114185291,4.0,11.26150498214086,11.26150498214086,50000
206000,0.010000000000000009,100,19.75,35.95202114185291,35.95202114185291,14.0,25.815547468515362,25.815547468515362,50000
207000,0.010000000000000009,101,19.7,35.65923672520824,35.65923672520824,6.0,9.771962093464772,9.771962093464772,50000
208000,0.010000000000000009,101,19.7,35.65923672520824,35.65923672520824,18.0,25.579842677764137,25.579842677764137,50000
209000,0.010000000000000009,102,19.85,35.53296421253467,35.53296421253467,3.0,12.721662154127753,12.721662154127753,50000
210000,0.010000000000000009,102,19.85,35.53296421253467,35.53296421253467,13.0,30.14355881362951,30.14355881362951,50000
211000,0.010000000000000009,103,19.55,35.46242007574822,35.46242007574822,3.0,7.1352372807080675,7.1352372807080675,50000
212000,0.010000000000000009,103,19.55,35.46242007574822,35.46242007574822,10.0,22.797122763722243,22.797122763722243,50000
213000,0.010000000000000009,104,19.4,35.39379133227117,35.39379133227117,3.0,11.123968017940651,11.123968017940651,50000
214000,0.010000000000000009,104,19.4,35.39379133227117,35.39379133227117,13.0,27.30582964681549,27.30582964681549,50000
215000,0.010000000000000009,105,19.35,35.729466173566905,35.729466173566905,1.0,7.299562044921388,7.299562044921388,50000
216000,0.010000000000000009,105,19.35,35.729466173566905,35.729466173566905,12.0,20.721344622684864,20.721344622684864,50000
217000,0.010000000000000009,106,19.3,35.212045911967834,35.212045911967834,1.0,6.117931340930455,6.117931340930455,50000
218000,0.010000000000000009,106,19.3,35.212045911967834,35.212045911967834,11.0,19.964450982109696,19.964450982109696,50000
219000,0.010000000000000009,107,19.25,35.07358321785687,35.07358321785687,2.0,4.905772791390774,4.905772791390774,50000
220000,0.010000000000000009,107,19.25,35.07358321785687,35.07358321785687,13.0,17.716129821060257,17.716129821060257,50000
221000,0.010000000000000009,108,19.3,34.73025320784341,34.73025320784341,3.0,4.216566988906808,4.216566988906808,50000
222000,0.010000000000000009,108,19.3,34.73025320784341,34.73025320784341,13.0,18.875156280147287,18.875156280147287,50000
223000,0.010000000000000009,109,19.2,34.64716996022835,34.64716996022835,1.0,2.798300310390099,2.798300310390099,50000
224000,0.010000000000000009,109,19.2,34.64716996022835,34.64716996022835,9.0,17.05952623223009,17.05952623223009,50000
225000,0.010000000000000009,110,18.95,34.267721931991346,34.267721931991346,0.0,3.4979209098933275,3.4979209098933275,50000
226000,0.010000000000000009,110,18.95,34.267721931991346,34.267721931991346,11.0,17.658440334678613,17.658440334678613,50000
227000,0.010000000000000009,111,19.1,33.75184700629506,33.75184700629506,1.0,2.383795680303074,2.383795680303074,50000
228000,0.010000000000000009,111,19.1,33.75184700629506,33.75184700629506,9.0,18.227186088467484,18.227186088467484,50000
229000,0.010000000000000009,112,18.8,33.748115399066435,33.748115399066435,0.0,2.2212329023544988,2.2212329023544988,50000
230000,0.010000000000000009,112,18.8,33.748115399066435,33.748115399066435,10.0,22.073123068144874,22.073123068144874,50000
231000,0.010000000000000009,113,18.7,34.02802848702653,34.02802848702653,0.0,0.031795854493830204,0.031795854493830204,50000
232000,0.010000000000000009,113,18.7,34.02802848702653,34.02802848702653,9.0,16.487513107576586,16.487513107576586,50000
233000,0.010000000000000009,113,18.7,34.02802848702653,34.02802848702653,18.0,29.682070050437446,29.682070050437446,50000
234000,0.010000000000000009,114,18.65,33.80312146897603,33.80312146897603,9.0,18.96506291792331,18.96506291792331,50000
235000,0.010000000000000009,114,18.65,33.80312146897603,33.80312146897603,15.0,37.82981425332814,37.82981425332814,50000
236000,0.010000000000000009,115,18.55,33.74824002983598,33.74824002983598,6.0,19.868534379490132,19.868534379490132,50000
237000,0.010000000000000009,115,18.55,33.74824002983598,33.74824002983598,15.0,33.518349753556485,33.518349753556485,50000
238000,0.010000000000000009,116,18.3,33.868183739415976,33.868183739415976,10.0,15.585696875867814,15.585696875867814,50000
239000,0.010000000000000009,116,18.3,33.868183739415976,33.868183739415976,20.0,31.346676223942854,31.346676223942854,50000
240000,0.010000000000000009,117,18.35,33.80370324888661,33.80370324888661,6.0,16.267784074084073,16.267784074084073,50000
241000,0.010000000000000009,117,18.35,33.80370324888661,33.80370324888661,17.0,30.06432752862411,30.06432752862411,50000
242000,0.010000000000000009,118,18.35,33.54187108203114,33.54187108203114,7.0,11.171057650463647,11.171057650463647,50000
243000,0.010000000000000009,118,18.35,33.54187108203114,33.54187108203114,17.0,23.954756102801813,23.954756102801813,50000
244000,0.010000000000000009,119,18.45,33.11278325657081,33.11278325657081,9.0,15.6541055376165,15.6541055376165,50000
245000,0.010000000000000009,119,18.45,33.11278325657081,33.11278325657081,16.0,31.243167763430986,31.243167763430986,50000
246000,0.010000000000000009,120,18.6,33.147559071803066,33.147559071803066,8.0,12.010519088724699,12.010519088724699,50000
247000,0.010000000000000009,120,18.6,33.147559071803066,33.147559071803066,17.0,27.026599717402064,27.026599717402064,50000
248000,0.010000000000000009,121,18.55,33.16708289943715,33.16708289943715,4.0,14.233623026392952,14.233623026392952,50000
249000,0.010000000000000009,121,18.55,33.16708289943715,33.16708289943715,15.0,27.80356563800237,27.80356563800237,50000
250000,0.010000000000000009,122,18.35,33.071567122334066,33.071567122334066,6.0,9.395181802814383,9.395181802814383,50000
251000,0.010000000000000009,122,18.35,33.071567122334066,33.071567122334066,15.0,24.12933219866787,24.12933219866787,50000
252000,0.010000000000000009,123,18.5,32.68777347206883,32.68777347206883,4.0,9.68893163085712,9.68893163085712,50000
253000,0.010000000000000009,123,18.5,32.68777347206883,32.68777347206883,11.0,24.756149219836402,24.756149219836402,50000
254000,0.010000000000000009,124,18.5,32.68769397834161,32.68769397834161,5.0,9.183761243755573,9.183761243755573,50000
255000,0.010000000000000009,124,18.5,32.68769397834161,32.68769397834161,14.0,27.1983252970411,27.1983252970411,50000
256000,0.010000000000000009,125,18.55,32.67641168011766,32.67641168011766,5.0,10.878623275304363,10.878623275304363,50000
257000,0.010000000000000009,125,18.55,32.67641168011766,32.67641168011766,16.0,25.736525230678016,25.736525230678016,50000
258000,0.010000000000000009,126,18.55,32.91226912426987,32.91226912426987,4.0,8.71409854378326,8.71409854378326,50000
259000,0.010000000000000009,126,18.55,32.91226912426987,32.91226912426987,11.0,25.364849213414274,25.364849213414274,50000
260000,0.010000000000000009,127,18.5,33.126905832463144,33.126905832463144,5.0,7.177457770707733,7.177457770707733,50000
261000,0.010000000000000009,127,18.5,33.126905832463144,33.126905832463144,13.0,21.190421355758765,21.190421355758765,50000
262000,0.010000000000000009,128,18.45,33.20904031841546,33.20904031841546,3.0,4.088627070778529,4.088627070778529,50000
263000,0.010000000000000009,128,18.45,33.20904031841546,33.20904031841546,11.0,16.196708584059863,16.196708584059863,50000
264000,0.010000000000000009,129,18.35,32.924244830438745,32.924244830438745,3.0,5.616952488424242,5.616952488424242,50000
265000,0.010000000000000009,129,18.35,32.924244830438745,32.924244830438745,10.0,19.59954256604881,19.59954256604881,50000
266000,0.010000000000000009,130,18.4,32.94195790433591,32.94195790433591,1.0,3.216034189605414,3.216034189605414,50000
267000,0.010000000000000009,130,18.4,32.94195790433591,32.94195790433591,8.0,17.83722752931485,17.83722752931485,50000
268000,0.010000000000000009,131,18.2,32.96875273035587,32.96875273035587,1.0,2.4136039557563427,2.4136039557563427,50000
269000,0.010000000000000009,131,18.2,32.96875273035587,32.96875273035587,9.0,16.25011659125801,16.25011659125801,50000
270000,0.010000000000000009,132,18.25,32.761247450834155,32.761247450834155,0.0,3.4107473224699913,3.4107473224699913,50000
271000,0.010000000000000009,132,18.25,32.761247450834155,32.761247450834155,8.0,18.909027843997222,18.909027843997222,50000
272000,0.010000000000000009,133,18.2,32.392303871529506,32.392303871529506,1.0,2.6685281169371784,2.6685281169371784,50000
273000,0.010000000000000009,133,18.2,32.392303871529506,32.392303871529506,12.0,21.56621240344865,21.56621240344865,50000
274000,0.010000000000000009,134,18.3,32.717987448142324,32.717987448142324,0.0,1.5262805746228008,1.5262805746228008,50000
275000,0.010000000000000009,134,18.3,32.717987448142324,32.717987448142324,6.0,19.508111126034457,19.508111126034457,50000
276000,0.010000000000000009,135,18.3,32.3527750062252,32.3527750062252,0.0,0.1756667490449812,0.1756667490449812,50000
277000,0.010000000000000009,135,18.3,32.3527750062252,32.3527750062252,9.0,14.197528534603192,14.197528534603192,50000
278000,0.010000000000000009,135,18.3,32.3527750062252,32.3527750062252,20.0,27.316333631065557,27.316333631065557,50000
279000,0.010000000000000009,136,18.5,31.95974238838581,31.95974238838581,8.0,17.620722657729505,17.620722657729505,50000
280000,0.010000000000000009,136,18.5,31.95974238838581,31.95974238838581,17.0,32.65154779148529,32.65154779148529,50000
281000,0.010000000000000009,137,18.3,31.95403113995434,31.95403113995434,8.0,16.90400497453397,16.90400497453397,50000
282000,0.010000000000000009,137,18.3,31.95403113995434,31.95403113995434,18.0,33.156260792025876,33.156260792025876,50000
283000,0.010000000000000009,138,18.25,32.05766630024428,32.05766630024428,8.0,11.652713108519583,11.652713108519583,50000
284000,0.010000000000000009,138,18.25,32.05766630024428,32.05766630024428,18.0,24.69263403699094,24.69263403699094,50000
285000,0.010000000000000009,139,18.25,32.00596687835143,32.00596687835143,7.0,15.711541596406986,15.711541596406986,50000
286000,0.010000000000000009,139,18.25,32.00596687835143,32.00596687835143,17.0,30.44388817815271,30.44388817815271,50000
287000,0.010000000000000009,140,18.2,31.88985741774036,31.88985741774036,7.0,13.255964074837557,13.255964074837557,50000
288000,0.010000000000000009,140,18.2,31.88985741774036,31.88985741774036,16.0,31.24997597694445,31.24997597694445,50000
289000,0.010000000000000009,141,18.1,32.03164686034991,32.03164686034991,7.0,10.669969339207274,10.669969339207274,50000
290000,0.010000000000000009,141,18.1,32.03164686034991,32.03164686034991,16.0,24.716984007259605,24.716984007259605,50000
291000,0.010000000000000009,142,18.1,31.808130764654926,31.808130764654926,8.0,14.659739814047427,14.659739814047427,50000
292000,0.010000000000000009,142,18.1,31.808130764654926,31.808130764654926,15.0,28.048178315058795,28.048178315058795,50000
293000,0.010000000000000009,143,17.95,31.857226409530956,31.857226409530956,7.0,12.979006249695358,12.979006249695358,50000
294000,0.010000000000000009,143,17.95,31.857226409530956,31.857226409530956,15.0,28.494692431257818,28.494692431257818,50000
295000,0.010000000000000009,144,18.0,31.984673744462945,31.984673744462945,4.0,11.094523683164283,11.094523683164283,50000
296000,0.010000000000000009,144,18.0,31.984673744462945,31.984673744462945,10.0,26.038267282922043,26.038267282922043,50000
297000,0.010000000000000009,145,17.75,31.72615260844028,31.72615260844028,6.0,10.017138072062693,10.017138072062693,50000
298000,0.010000000000000009,145,17.75,31.72615260844028,31.72615260844028,12.0,25.89613968469157,25.89613968469157,50000
299000,0.010000000000000009,146,17.65,31.609703436767,31.609703436767,5.0,11.029469690035196,11.029469690035196,50000
300000,0.010000000000000009,146,17.65,31.609703436767,31.609703436767,14.0,27.377748743002876,27.377748743002876,50000
301000,0.010000000000000009,147,17.7,31.666977772664346,31.666977772664346,4.0,9.28963024166384,9.28963024166384,50000
302000,0.010000000000000009,147,17.7,31.666977772664346,31.666977772664346,13.0,22.323002848029248,22.323002848029248,50000
303000,0.010000000000000009,148,17.6,31.679378397192032,31.679378397192032,2.0,7.081532669231386,7.081532669231386,50000
304000,0.010000000000000009,148,17.6,31.679378397192032,31.679378397192032,11.0,21.759390122317207,21.759390122317207,50000
305000,0.010000000000000009,149,17.5,31.943790113643303,31.943790113643303,3.0,10.37247933451564,10.37247933451564,50000
306000,0.010000000000000009,149,17.5,31.943790113643303,31.943790113643303,11.0,26.26687832836577,26.26687832836577,50000
307000,0.010000000000000009,150,17.6,32.19444157509011,32.19444157509011,2.0,7.338031531418807,7.338031531418807,50000
308000,0.010000000000000009,150,17.6,32.19444157509011,32.19444157509011,10.0,21.049997717494815,21.049997717494815,50000
309000,0.010000000000000009,151,17.65,32.188714419243034,32.188714419243034,2.0,6.099377093994788,6.099377093994788,50000
310000,0.010000000000000009,151,17.65,32.188714419243034,32.188714419243034,12.0,17.810109260014467,17.810109260014467,50000
311000,0.010000000000000009,152,17.8,32.088017045231545,32.088017045231545,2.0,3.4573692463581964,3.4573692463581964,50000
312000,0.010000000000000009,152,17.8,32.088017045231545,32.088017045231545,9.0,14.816618755601331,14.816618755601331,50000
313000,0.010000000000000009,153,17.7,31.762691281670932,31.762691281670932,1.0,4.466945215639285,4.466945215639285,50000
314000,0.010000000000000009,153,17.7,31.762691281670932,31.762691281670932,12.0,17.812588217414525,17.812588217414525,50000
315000,0.010000000000000009,154,17.55,31.40955837773576,31.40955837773576,1.0,2.646212577980817,2.646212577980817,50000
316000,0.010000000000000009,154,17.55,31.40955837773576,31.40955837773576,10.0,17.33716690490446,17.33716690490446,50000
317000,0.010000000000000009,155,17.7,31.276899132234774,31.276899132234774,1.0,2.8496748136182775,2.8496748136182775,50000
318000,0.010000000000000009,155,17.7,31.276899132234774,31.276899132234774,11.0,16.87504063985317,16.87504063985317,50000
319000,0.010000000000000009,156,17.55,31.259334902931947,31.259334902931947,0.0,1.8547900398407267,1.8547900398407267,50000
320000,0.010000000000000009,156,17.55,31.259334902931947,31.259334902931947,9.0,14.930929311318604,14.930929311318604,50000
321000,0.010000000000000009,157,17.65,30.900634426487425,30.900634426487425,0.0,1.9336285048973842,1.9336285048973842,50000
322000,0.010000000000000009,157,17.65,30.900634426487425,30.900634426487425,11.0,21.483563934688952,21.483563934688952,50000
323000,0.010000000000000009,158,17.75,30.980590064803852,30.980590064803852,0.0,0.16045395568712129,0.16045395568712129,50000
324000,0.010000000000000009,158,17.75,30.980590064803852,30.980590064803852,9.0,15.225819109320168,15.225819109320168,50000
325000,0.010000000000000009,158,17.75,30.980590064803852,30.980590064803852,21.0,26.407146402576736,26.407146402576736,50000
326000,0.010000000000000009,159,17.9,30.987830534020866,30.987830534020866,10.0,13.705789964997875,13.705789964997875,50000
327000,0.010000000000000009,159,17.9,30.987830534020866,30.987830534020866,20.0,28.559703985677427,28.559703985677427,50000
328000,0.010000000000000009,160,18.0,30.795285539990743,30.795285539990743,8.0,11.58906633493109,11.58906633493109,50000
329000,0.010000000000000009,160,18.0,30.795285539990743,30.795285539990743,16.0,25.5414835740437,25.5414835740437,50000
330000,0.010000000000000009,161,18.0,30.378345930147976,30.378345930147976,8.0,15.520688453253467,15.520688453253467,50000
331000,0.010000000000000009,161,18.0,30.378345930147976,30.378345930147976,18.0,29.707610081287182,29.707610081287182,50000
332000,0.010000000000000009,162,18.05,30.556254176249457,30.556254176249457,6.0,15.597562495985107,15.597562495985107,50000
333000,0.010000000000000009,162,18.05,30.556254176249457,30.556254176249457,19.0,29.14443796717803,29.14443796717803,50000
334000,0.010000000000000009,163,18.3,30.561457470184962,30.561457470184962,7.0,12.795670971271559,12.795670971271559,50000
335000,0.010000000000000009,163,18.3,30.561457470184962,30.561457470184962,15.0,28.87357323835737,28.87357323835737,50000
336000,0.010000000000000009,164,18.3,30.495646379597794,30.495646379597794,6.0,9.536943133197157,9.536943133197157,50000
337000,0.010000000000000009,164,18.3,30.495646379597794,30.495646379597794,14.0,21.90431992693008,21.90431992693008,50000
338000,0.010000000000000009,165,18.5,30.209890614116823,30.209890614116823,7.0,14.599295022102508,14.599295022102508,50000
339000,0.010000000000000009,165,18.5,30.209890614116823,30.209890614116823,17.0,29.068634872008847,29.068634872008847,50000
340000,0.010000000000000009,166,18.6,30.242319493372577,30.242319493372577,8.0,10.505103801177787,10.505103801177787,50000
341000,0.010000000000000009,166,18.6,30.242319493372577,30.242319493372577,18.0,25.21373375487234,25.21373375487234,50000
342000,0.010000000000000009,167,18.8,30.00776351716315,30.00776351716315,6.0,8.528122501605349,8.528122501605349,50000
343000,0.010000000000000009,167,18.8,30.00776351716315,30.00776351716315,12.0,22.50289007168094,22.50289007168094,50000
344000,0.010000000000000009,168,18.8,29.908988469775004,29.908988469775004,5.0,7.2955919478758755,7.2955919478758755,50000
345000,0.010000000000000009,168,18.8,29.908988469775004,29.908988469775004,12.0,20.849123378832974,20.849123378832974,50000
346000,0.010000000000000009,169,18.8,29.738358569040752,29.738358569040752,5.0,9.19328969925245,9.19328969925245,50000
347000,0.010000000000000009,169,18.8,29.738358569040752,29.738358569040752,12.0,24.357701373184256,24.357701373184256,50000
348000,0.010000000000000009,170,18.75,29.561663182977536,29.561663182977536,4.0,6.323378708965711,6.323378708965711,50000
349000,0.010000000000000009,170,18.75,29.561663182977536,29.561663182977536,14.0,20.232370321209043,20.232370321209043,50000
350000,0.010000000000000009,171,18.9,29.403982192256173,29.403982192256173,5.0,7.96553018605554,7.96553018605554,50000
351000,0.010000000000000009,171,18.9,29.403982192256173,29.403982192256173,13.0,22.007170474458523,22.007170474458523,50000
352000,0.010000000000000009,172,18.85,29.576489304241573,29.576489304241573,3.0,7.119546629217471,7.119546629217471,50000
353000,0.010000000000000009,172,18.85,29.576489304241573,29.576489304241573,16.0,20.2866580263488,20.2866580263488,50000
354000,0.010000000000000009,173,19.05,29.75030926830911,29.75030926830911,4.0,6.47133660350674,6.47133660350674,50000
355000,0.010000000000000009,173,19.05,29.75030926830911,29.75030926830911,14.0,21.01452786579592,21.01452786579592,50000
356000,0.010000000000000009,174,19.2,29.87619178030756,29.87619178030756,3.0,6.711328570836069,6.711328570836069,50000
357000,0.010000000000000009,174,19.2,29.87619178030756,29.87619178030756,14.0,19.126244138651703,19.126244138651703,50000
358000,0.010000000000000009,175,19.3,29.797219157958796,29.797219157958796,2.0,4.908076109124645,4.908076109124645,50000
359000,0.010000000000000009,175,19.3,29.797219157958796,29.797219157958796,10.0,18.768956050795257,18.768956050795257,50000
360000,0.010000000000000009,176,19.3,29.92885094335877,29.92885094335877,2.0,6.583673986231789,6.583673986231789,50000
361000,0.010000000000000009,176,19.3,29.92885094335877,29.92885094335877,10.0,23.07266442592373,23.07266442592373,50000
362000,0.010000000000000009,177,19.3,30.343966016578264,30.343966016578264,1.0,4.589371738115242,4.589371738115242,50000
363000,0.010000000000000009,177,19.3,30.343966016578264,30.343966016578264,12.0,18.2318505822194,18.2318505822194,50000
364000,0.010000000000000009,178,19.4,30.02686968231074,30.02686968231074,0.0,2.4368796124041507,2.4368796124041507,50000
365000,0.010000000000000009,178,19.4,30.02686968231074,30.02686968231074,10.0,16.274828574533505,16.274828574533505,50000
366000,0.010000000000000009,179,19.2,30.087307230861597,30.087307230861597,1.0,0.6836584194027335,0.6836584194027335,50000
367000,0.010000000000000009,179,19.2,30.087307230861597,30.087307230861597,10.0,12.681430885148593,12.681430885148593,50000
368000,0.010000000000000009,180,19.15,29.83550314966401,29.83550314966401,0.0,0.3550270231389777,0.3550270231389777,50000
369000,0.010000000000000009,180,19.15,29.83550314966401,29.83550314966401,7.0,16.17477700100839,16.17477700100839,50000
370000,0.010000000000000009,180,19.15,29.83550314966401,29.83550314966401,14.0,30.390374892228568,30.390374892228568,50000
371000,0.010000000000000009,181,19.0,30.018370182975808,30.018370182975808,8.0,18.871835398398236,18.871835398398236,50000
372000,0.010000000000000009,181,19.0,30.018370182975808,30.018370182975808,16.0,33.306718796217865,33.306718796217865,50000
373000,0.010000000000000009,182,18.8,30.1075537996501,30.1075537996501,6.0,14.679135588896946,14.679135588896946,50000
374000,0.010000000000000009,182,18.8,30.1075537996501,30.1075537996501,16.0,29.803441309398398,29.803441309398398,50000
375000,0.010000000000000009,183,18.6,30.068922246124306,30.068922246124306,10.0,15.859688463571729,15.859688463571729,50000
376000,0.010000000000000009,183,18.6,30.068922246124306,30.068922246124306,20.0,28.385492998746695,28.385492998746695,50000
377000,0.010000000000000009,184,18.75,29.960010597557908,29.960010597557908,9.0,13.717358205280878,13.717358205280878,50000
378000,0.010000000000000009,184,18.75,29.960010597557908,29.960010597557908,20.0,27.69288830806856,27.69288830806856,50000
379000,0.010000000000000009,185,18.95,30.193157575811096,30.193157575811096,6.0,13.54531335280989,13.54531335280989,50000
380000,0.010000000000000009,185,18.95,30.193157575811096,30.193157575811096,14.0,28.866927633588336,28.866927633588336,50000
381000,0.010000000000000009,186,18.8,30.14158637424248,30.14158637424248,9.0,13.68878227463547,13.68878227463547,50000
382000,0.010000000000000009,186,18.8,30.14158637424248,30.14158637424248,15.0,27.064695512346564,27.064695512346564,50000
383000,0.010000000000000009,187,18.55,30.1099866574273,30.1099866574273,6.0,11.267482129298964,11.267482129298964,50000
384000,0.010000000000000009,187,18.55,30.1099866574273,30.1099866574273,12.0,24.57622935144063,24.57622935144063,50000
385000,0.010000000000000009,188,18.5,30.146217012800683,30.146217012800683,6.0,9.78268027758696,9.78268027758696,50000
386000,0.010000000000000009,188,18.5,30.146217012800683,30.146217012800683,13.0,22.06400292801013,22.06400292801013,50000
387000,0.010000000000000009,189,18.5,30.134048350926367,30.134048350926367,6.0,10.77950905487418,10.77950905487418,50000
388000,0.010000000000000009,189,18.5,30.134048350926367,30.134048350926367,15.0,26.63968335468438,26.63968335468438,50000
389000,0.010000000000000009,190,18.6,30.22444070737486,30.22444070737486,7.0,10.698619650785812,10.698619650785812,50000
390000,0.010000000000000009,190,18.6,30.22444070737486,30.22444070737486,15.0,24.360521674758534,24.360521674758534,50000
391000,0.010000000000000009,191,18.7,30.44685499103744,30.44685499103744,5.0,6.971393199925341,6.971393199925341,50000
392000,0.010000000000000009,191,18.7,30.44685499103744,30.44685499103744,14.0,19.61303240982326,19.61303240982326,50000
393000,0.010000000000000009,192,18.7,30.236031029320316,30.236031029320316,3.0,12.26915611608927,12.26915611608927,50000
394000,0.010000000000000009,192,18.7,30.236031029320316,30.236031029320316,13.0,27.511157717820588,27.511157717820588,50000
395000,0.010000000000000009,193,18.5,30.56482034474974,30.56482034474974,3.0,7.8924465750746595,7.8924465750746595,50000
396000,0.010000000000000009,193,18.5,30.56482034474974,30.56482034474974,11.0,21.527308967055127,21.527308967055127,50000
397000,0.010000000000000009,194,18.3,30.435616886909752,30.435616886909752,4.0,5.990452940000789,5.990452940000789,50000
398000,0.010000000000000009,194,18.3,30.435616886909752,30.435616886909752,12.0,20.733579086979148,20.733579086979148,50000
399000,0.010000000000000009,195,18.1,30.588950419206373,30.588950419206373,2.0,6.920945685106051,6.920945685106051,50000
400000,0.010000000000000009,195,18.1,30.588950419206373,30.588950419206373,13.0,19.088713760569448,19.088713760569448,50000
401000,0.010000000000000009,196,18.35,30.460732216279546,30.460732216279546,2.0,3.732914071517767,3.732914071517767,50000
402000,0.010000000000000009,196,18.35,30.460732216279546,30.460732216279546,11.0,15.627122261443985,15.627122261443985,50000
403000,0.010000000000000009,197,18.25,29.903180039978007,29.903180039978007,2.0,4.286337763928218,4.286337763928218,50000
404000,0.010000000000000009,197,18.25,29.903180039978007,29.903180039978007,11.0,18.42954312320904,18.42954312320904,50000
405000,0.010000000000000009,198,18.05,29.74240097162442,29.74240097162442,2.0,4.8205310944082465,4.8205310944082465,50000
406000,0.010000000000000009,198,18.05,29.74240097162442,29.74240097162442,8.0,17.112170805670452,17.112170805670452,50000
407000,0.010000000000000009,199,17.9,29.701546343054208,29.701546343054208,2.0,3.6469401540540276,3.6469401540540276,50000
408000,0.010000000000000009,199,17.9,29.701546343054208,29.701546343054208,14.0,16.93026569157129,16.93026569157129,50000
409000,0.010000000000000009,200,18.1,29.805044879012552,29.805044879012552,2.0,3.0414369342371965,3.0414369342371965,50000
410000,0.010000000000000009,200,18.1,29.805044879012552,29.805044879012552,10.0,17.972726225059976,17.972726225059976,50000
411000,0.010000000000000009,201,18.4,29.77895247993343,29.77895247993343,0.0,1.5318279735311644,1.5318279735311644,50000
412000,0.010000000000000009,201,18.4,29.77895247993343,29.77895247993343,12.0,15.605506211881465,15.605506211881465,50000
413000,0.010000000000000009,202,18.7,29.570253374823388,29.570253374823388,0.0,1.3195012935859012,1.3195012935859012,50000
414000,0.010000000000000009,202,18.7,29.570253374823388,29.570253374823388,10.0,14.75196808345991,14.75196808345991,50000
415000,0.010000000000000009,203,18.75,29.365494744772604,29.365494744772604,0.0,0.039161180109104236,0.039161180109104236,50000
416000,0.010000000000000009,203,18.75,29.365494744772604,29.365494744772604,7.0,15.684147932879446,15.684147932879446,50000
417000,0.010000000000000009,203,18.75,29.365494744772604,29.365494744772604,14.0,27.73593691099156,27.73593691099156,50000
418000,0.010000000000000009,204,18.4,29.251007098053428,29.251007098053428,10.0,12.103307989085282,12.103307989085282,50000
419000,0.010000000000000009,204,18.4,29.251007098053428,29.251007098053428,18.0,25.00906711700102,25.00906711700102,50000
420000,0.010000000000000009,205,18.25,29.04390024847917,29.04390024847917,8.0,11.01171372148946,11.01171372148946,50000
421000,0.010000000000000009,205,18.25,29.04390024847917,29.04390024847917,17.0,22.88085512942377,22.88085512942377,50000
422000,0.010000000000000009,206,18.45,28.632976301880838,28.632976301880838,9.0,12.704725018174894,12.704725018174894,50000
423000,0.010000000000000009,206,18.45,28.632976301880838,28.632976301880838,19.0,25.79197406199342,25.79197406199342,50000
424000,0.010000000000000009,207,18.55,28.531403024546428,28.531403024546428,10.0,13.072132074004763,13.072132074004763,50000
425000,0.010000000000000009,207,18.55,28.531403024546428,28.531403024546428,18.0,26.24463500107578,26.24463500107578,50000
426000,0.010000000000000009,208,18.7,28.535481582977912,28.535481582977912,9.0,11.109856279602242,11.109856279602242,50000
427000,0.010000000000000009,208,18.7,28.535481582977912,28.535481582977912,18.0,24.59200618787749,24.59200618787749,50000
428000,0.010000000000000009,209,18.9,28.594248553888406,28.594248553888406,5.0,11.266306083242318,11.266306083242318,50000
429000,0.010000000000000009,209,18.9,28.594248553888406,28.594248553888406,12.0,23.664719804432593,23.664719804432593,50000
430000,0.010000000000000009,210,18.65,28.30086445298253,28.30086445298253,7.0,10.031588402361333,10.031588402361333,50000
431000,0.010000000000000009,210,18.65,28.30086445298253,28.30086445298253,16.0,22.134833070617567,22.134833070617567,50000
432000,0.010000000000000009,211,18.5,28.045673525904657,28.045673525904657,5.0,12.958956739653967,12.958956739653967,50000
433000,0.010000000000000009,211,18.5,28.045673525904657,28.045673525904657,14.0,26.538645568454243,26.538645568454243,50000
434000,0.010000000000000009,212,18.4,28.370481353692174,28.370481353692174,5.0,6.878640267940726,6.878640267940726,50000
435000,0.010000000000000009,212,18.4,28.370481353692174,28.370481353692174,14.0,18.550742365675102,18.550742365675102,50000
436000,0.010000000000000009,213,18.5,27.79575029599534,27.79575029599534,6.0,9.038659579941552,9.038659579941552,50000
437000,0.010000000000000009,213,18.5,27.79575029599534,27.79575029599534,13.0,23.49063379372961,23.49063379372961,50000
438000,0.010000000000000009,214,18.55,27.792232132447577,27.792232132447577,6.0,7.644189128603861,7.644189128603861,50000
439000,0.010000000000000009,214,18.55,27.792232132447577,27.792232132447577,16.0,18.6440739048976,18.6440739048976,50000
440000,0.010000000000000009,215,18.75,27.4372175811717,27.4372175811717,4.0,6.628126602796093,6.628126602796093,50000
441000,0.010000000000000009,215,18.75,27.4372175811717,27.4372175811717,14.0,19.90727850607717,19.90727850607717,50000
442000,0.010000000000000009,216,18.6,27.45601127601846,27.45601127601846,3.0,8.793476289837036,8.793476289837036,50000
443000,0.010000000000000009,216,18.6,27.45601127601846,27.45601127601846,12.0,21.610500977554626,21.610500977554626,50000
444000,0.010000000000000009,217,18.65,27.657169265887312,27.657169265887312,3.0,5.5422810608390325,5.5422810608390325,50000
445000,0.010000000000000009,217,18.65,27.657169265887312,27.657169265887312,14.0,17.534462428306,17.534462428306,50000
446000,0.010000000000000009,218,18.65,27.567887362232756,27.567887362232756,2.0,4.266419645322301,4.266419645322301,50000
447000,0.010000000000000009,218,18.65,27.567887362232756,27.567887362232756,13.0,15.455889988813782,15.455889988813782,50000
448000,0.010000000000000009,219,19.0,27.35298011151981,27.35298011151981,2.0,5.109322877306928,5.109322877306928,50000
449000,0.010000000000000009,219,19.0,27.35298011151981,27.35298011151981,10.0,18.899164115503474,18.899164115503474,50000
450000,0.010000000000000009,220,18.7,27.43239870690933,27.43239870690933,4.0,4.670791538706834,4.670791538706834,50000
451000,0.010000000000000009,220,18.7,27.43239870690933,27.43239870690933,13.0,16.58131763599363,16.58131763599363,50000
452000,0.010000000000000009,221,18.6,27.177513926095564,27.177513926095564,1.0,2.145956097805938,2.145956097805938,50000
453000,0.010000000000000009,221,18.6,27.177513926095564,27.177513926095564,10.0,12.985316543885538,12.985316543885538,50000
454000,0.010000000000000009,222,18.35,26.761293107122064,26.761293107122064,2.0,6.062486400463296,6.062486400463296,50000
455000,0.010000000000000009,222,18.35,26.761293107122064,26.761293107122064,9.0,22.67939553048016,22.67939553048016,50000
456000,0.010000000000000009,223,18.25,27.114231702666512,27.114231702666512,1.0,2.8632998707281563,2.8632998707281563,50000
457000,0.010000000000000009,223,18.25,27.114231702666512,27.114231702666512,11.0,14.749317421093721,14.749317421093721,50000
458000,0.010000000000000009,224,18.55,26.97568787522723,26.97568787522723,0.0,1.474702489204426,1.474702489204426,50000
459000,0.010000000000000009,224,18.55,26.97568787522723,26.97568787522723,12.0,17.474430009250582,17.474430009250582,50000
460000,0.010000000000000009,225,18.7,27.181662263953967,27.181662263953967,0.0,0.9337334778878401,0.9337334778878401,50000
461000,0.010000000000000009,225,18.7,27.181662263953967,27.181662263953967,11.0,13.274251039791295,13.274251039791295,50000
462000,0.010000000000000009,225,18.7,27.181662263953967,27.181662263953967,24.0,25.423911716693084,25.423911716693084,50000
463000,0.010000000000000009,226,18.95,27.245585336681312,27.245585336681312,9.0,16.337532834081006,16.337532834081006,50000
464000,0.010000000000000009,226,18.95,27.245585336681312,27.245585336681312,15.0,29.871842240221298,29.871842240221298,50000
465000,0.010000000000000009,227,18.7,27.352071451402043,27.352071451402043,9.0,10.834892929516256,10.834892929516256,50000
466000,0.010000000000000009,227,18.7,27.352071451402043,27.352071451402043,19.0,23.02416774534657,23.02416774534657,50000
467000,0.010000000000000009,228,18.7,27.11909256782397,27.11909256782397,10.0,14.129993501819614,14.129993501819614,50000
468000,0.010000000000000009,228,18.7,27.11909256782397,27.11909256782397,19.0,27.759541423919057,27.759541423919057,50000
469000,0.010000000000000009,229,18.7,27.230303182596735,27.230303182596735,10.0,12.531957034752443,12.531957034752443,50000
470000,0.010000000000000009,229,18.7,27.230303182596735,27.230303182596735,19.0,24.11764448778573,24.11764448778573,50000
471000,0.010000000000000009,230,19.05,27.168648677058492,27.168648677058492,7.0,12.331506428143388,12.331506428143388,50000
472000,0.010000000000000009,230,19.05,27.168648677058492,27.168648677058492,17.0,24.31680008681419,24.31680008681419,50000
473000,0.010000000000000009,231,19.05,27.19333359503392,27.19333359503392,8.0,9.441390280498744,9.441390280498744,50000
474000,0.010000000000000009,231,19.05,27.19333359503392,27.19333359503392,18.0,20.721183413956563,20.721183413956563,50000
475000,0.010000000000000009,232,19.25,26.770393634774546,26.770393634774546,6.0,11.02365958176489,11.02365958176489,50000
476000,0.010000000000000009,232,19.25,26.770393634774546,26.770393634774546,15.0,25.645573674610013,25.645573674610013,50000
477000,0.010000000000000009,233,19.2,27.11569397239823,27.11569397239823,7.0,11.92081850222445,11.92081850222445,50000
478000,0.010000000000000009,233,19.2,27.11569397239823,27.11569397239823,19.0,23.75599029203796,23.75599029203796,50000
479000,0.010000000000000009,234,19.35,27.049141190813174,27.049141190813174,5.0,8.199657097783303,8.199657097783303,50000
480000,0.010000000000000009,234,19.35,27.049141190813174,27.049141190813174,16.0,19.877111374085434,19.877111374085434,50000
481000,0.010000000000000009,235,19.3,27.089476840744407,27.089476840744407,5.0,9.983962906224082,9.983962906224082,50000
482000,0.010000000000000009,235,19.3,27.089476840744407,27.089476840744407,14.0,21.892819753487387,21.892819753487387,50000
483000,0.010000000000000009,236,19.25,27.05608171123227,27.05608171123227,5.0,6.116373059664715,6.116373059664715,50000
484000,0.010000000000000009,236,19.25,27.05608171123227,27.05608171123227,14.0,17.107303205109837,17.107303205109837,50000
485000,0.010000000000000009,237,19.35,26.772021174619812,26.772021174619812,4.0,7.155908812477766,7.155908812477766,50000
486000,0.010000000000000009,237,19.35,26.772021174619812,26.772021174619812,12.0,19.394900500314165,19.394900500314165,50000
487000,0.010000000000000009,238,19.3,26.834546448811444,26.834546448811444,4.0,9.963768552075088,9.963768552075088,50000
488000,0.010000000000000009,238,19.3,26.834546448811444,26.834546448811444,12.0,24.68905565462327,24.68905565462327,50000
489000,0.010000000000000009,239,19.05,27.30875649319342,27.30875649319342,5.0,7.938424828132895,7.938424828132895,50000
490000,0.010000000000000009,239,19.05,27.30875649319342,27.30875649319342,14.0,20.24098501700194,20.24098501700194,50000
491000,0.010000000000000009,240,19.2,27.287320049648436,27.287320049648436,4.0,4.1889497332573455,4.1889497332573455,50000
492000,0.010000000000000009,240,19.2,27.287320049648436,27.287320049648436,12.0,16.18645581952745,16.18645581952745,50000
493000,0.010000000000000009,241,19.25,27.216112851534387,27.216112851534387,3.0,4.044527431784536,4.044527431784536,50000
494000,0.010000000000000009,241,19.25,27.216112851534387,27.216112851534387,14.0,15.373712021588357,15.373712021588357,50000
495000,0.010000000000000009,242,19.4,27.361422013249115,27.361422013249115,2.0,3.521487402223613,3.521487402223613,50000
496000,0.010000000000000009,242,19.4,27.361422013249115,27.361422013249115,13.0,15.041471993562634,15.041471993562634,50000
497000,0.010000000000000009,243,19.5,26.839243437667676,26.839243437667676,1.0,5.040828257657342,5.040828257657342,50000
498000,0.010000000000000009,243,19.5,26.839243437667676,26.839243437667676,10.0,20.10931527205283,20.10931527205283,50000
499000,0.010000000000000009,244,19.4,27.09385835953058,27.09385835953058,2.0,2.3221800077880914,2.3221800077880914,50000
500000,0.010000000000000009,244,19.4,27.09385835953058,27.09385835953058,11.0,14.419478712542048,14.419478712542048,50000
